artist,title,track_no,track_no_source,unknown,from_cd_artist,from_cd_title,mix_id,mix_name
"Shic, mc",Nightstalker (& zeidan),60000301,T01: 04,1.0,"Nocturnal frequencies 03, danny howells",V,Z0003,Car CD 03
"Dawson, dana",3 is family,60000302,T02: 12,1.0,House of handbag,V,Z0003,Car CD 03
New phunk theory,Always (& kerry green),60000303,T01: 10,1.0,Deeper,V,Z0003,Car CD 03
Masters at work,Brazilian beat,60000304,T09,1.0,"Funky lowlives, the, ascension presents",V,Z0003,Car CD 03
Eddy,Someday,60000305,T12,1.0,MOS 3,V,Z0003,Car CD 03
M people,Love rendezvous,60000306,T01: 13,1.0,MOS 6,V,Z0003,Car CD 03
"Knuckles, frankie",Keep on moving (& nicki richards),60000307,T01: 01,1.0,"Faith 1, house classics past & present, terry farley & bill brewster",V,Z0003,Car CD 03
Sandy b,Aint no need to hide,60000308,T08 (0 - -1:00),1.0,Garage class 2,V,Z0003,Car CD 03
Hardrive,Just believe,60000310,T01,1.0,Strictly rhythm 3,V,Z0003,Car CD 03
"Roberts, joe",Back in my life,60000311,T06,1.0,Ffrr platinum on black,V,Z0003,Car CD 03
Key to life,Forever (& sabrina johnston),60000312,T10,1.0,Garage divas,V,Z0003,Car CD 03
Duke,So in love with you,60000313,T01: 07,0.0,Dancenet 2,V,Z0003,Car CD 03
"Holloway, loleatta",Hit & run,60000401,T10,1.0,"Mastercuts, classic salsoul 2",V,Z0004,Car CD 04
House of prince,Perfect love,60000402,T13,1.0,Twist this pussy,V,Z0004,Car CD 04
Ez rollers,Retro,60000403,T02: 14,1.0,Nu cool 2,V,Z0004,Car CD 04
"Haines, nathan",Earth is the place (& verna francis),60000404,T01: 10,1.0,MOS sessions 12,V,Z0004,Car CD 04
Yello,To the sea,60000405,T02,1.0,"Tenaglia, danny, back to mine",V,Z0004,Car CD 04
"Rae, fonda",Living in ecstasy,60000406,T01: 02,1.0,MOS 7,V,Z0004,Car CD 04
"Jackson, giselle",Love commandments,60000407,T01: 03,1.0,MOS 7,V,Z0004,Car CD 04
Salt city orchestra,Storm,60000408,T03,1.0,Can your pussy do the dog,V,Z0004,Car CD 04
Drizabone,Real love,60000409,T01: 12,1.0,"94th & 10th, a decade of 94th & broadway",V,Z0004,Car CD 04
Raw concept,On & on,60000410,T01: 13,1.0,"MOS late night sessions 2, xpress2",V,Z0004,Car CD 04
"Falk, christian",Make it right (& demetreus),60000411,T14,1.0,"Artful dodger, the, presents rerewind",V,Z0004,Car CD 04
Urban blues project,Deliver me,60000412,T01: 04,0.0,MOS 5,V,Z0004,Car CD 04
"Warren, alysha",I pray,60000413,T01: 07,1.0,MOS 4,V,Z0004,Car CD 04
Criminal element orchestra,Go around,60000414,T02: 08,1.0,MOS 7,V,Z0004,Car CD 04
Royksopp,Poor land,60000415,T01: 06,1.0,"MOS annual 2002, the",V,Z0004,Car CD 04
Propellerheads,History repeating,60000501,T06,1.0,Propellerheads,Decksandrumsandrockandroll,Z0005,Car CD 05
"Guthries, gwen",7th heaven,60000502,T01: 03,1.0,"94th & 10th, a decade of 94th & broadway",V,Z0005,Car CD 05
Zoo experience,We can make it (& overjoyed),60000503,T01: 06,1.0,MOS 8,V,Z0005,Car CD 05
Kings of tomorrow,I'm so grateful,60000504,T02: 04,1.0,MOS 6,V,Z0005,Car CD 05
M & m,So deep so good,60000505,T05,1.0,Strictly rhythm 3,V,Z0005,Car CD 05
Black science orchestra,Bless the darkness,60000506,T02: 03,1.0,"MOS late night sessions 2, xpress2",V,Z0005,Car CD 05
Atlantis,No more excuses (& naomi nsombi),60000507,T02: 03,1.0,Deeper,V,Z0005,Car CD 05
Mood swing,25th st,60000508,T14,1.0,Nervous ny,V,Z0005,Car CD 05
Jersey street,Cry me a river,60000509,T01,1.0,"Summer breeze, glasgow underground presents, kevin mckay",V,Z0005,Car CD 05
"Evora, cesaria",Sangue de peirona,60000510,T01: 06,1.0,Nu cool 3,V,Z0005,Car CD 05
"Germain, st",Alabama blues,60000511,T02,1.0,"Germain, st",From detroit to st germain (& aka ludovic navarre),Z0005,Car CD 05
Smooth touch,House of love,60000512,T07,1.0,Strictly rhythm 2,V,Z0005,Car CD 05
"Brown, kathy",Give it up,60000513,T01: 08,1.0,MOS sessions 12,V,Z0005,Car CD 05
Mbg,Tribal voices,60000601,T03,1.0,Made in italy,V,Z0006,Car CD 06
Humate,Choose life,60000602,T01: 02,1.0,MOS club nation 1,V,Z0006,Car CD 06
Fragma,Tosca's miracle,60000603,T01: 02,1.0,MOS hard nrg,V,Z0006,Car CD 06
Mfs,Keep on (& jaye ella ruth),60000604,T01: 02,1.0,MOS 5,V,Z0006,Car CD 06
Endorphin,Free (remix),60000605,T02: 01,1.0,Endorphin,Skin,Z0006,Car CD 06
Desert,Letting ya mind go,60000606,T02,1.0,"Nu tech house, dj lottie",V,Z0006,Car CD 06
"Terry, todd",Keep on jumpin,60000607,T02: 04,1.0,Club classics 1,V,Z0006,Car CD 06
Dayeene,Around the world,60000608,T01,1.0,Pulsating rhythms 3,V,Z0006,Car CD 06
Da click,Good rhymes,60000609,T01: 02,1.0,MOS dance nation 6,V,Z0006,Car CD 06
Sol brothers,That elvis track,60000610,T02: 17,1.0,Block bustin beats,V,Z0006,Car CD 06
Daphreephunkateerz,Get pissed on brooklyn bridge,60000611,T03,1.0,"220 volts fm, tuner a vif",V,Z0006,Car CD 06
Halo,Primitive,60000612,T01: 03 (& 4),1.0,"Nocturnal frequencies 03, danny howells",V,Z0006,Car CD 06
H2o,Satisfied,60000613,T01: 12,1.0,MOS 8,V,Z0006,Car CD 06
"Holmes, david","Yates, rodney",60000614,T06,1.0,"Holmes, david",Let's get killed,Z0006,Car CD 06
1 dove,Fallen,60000615,T01,1.0,1 dove,Morning white dove,Z0006,Car CD 06
Neotropic,Vacetious blooms,60000616,T06,1.0,Neotropic,"Brubaker's, mr, strawberry alarm clock",Z0006,Car CD 06
Meat katie,Black & blue,60000701,T02: 01,1.0,"MOS late night sessions 2, xpress2",V,ZZZ0007,Car CD 07 - chillout 01
Rae & christian,"Hush, the",60000702,T05,1.0,Rae & christian,Northern sulphuric soul,ZZZ0007,Car CD 07 - chillout 01
Bent,I remember johnny,60000703,T06,1.0,Bent,Programmed to love,ZZZ0007,Car CD 07 - chillout 01
"Quiet boys, the",Everybody loves the summer,60000705,T01: 11,1.0,Nu cool 1,V,ZZZ0007,Car CD 07 - chillout 01
Sun electric,Sundance,60000706,T05,1.0,Cafe del mar 1,V,ZZZ0007,Car CD 07 - chillout 01
"Rubin, vanessa",Gotta b everything,60000707,T02: 08,1.0,Nu cool 1,V,ZZZ0007,Car CD 07 - chillout 01
"Quaye, finley",Calender,60000708,T09,1.0,"Quaye, finley",Vanguard,ZZZ0007,Car CD 07 - chillout 01
Kleshay,Rush,60000709,T01: 11,1.0,Kiss smooth grooves summer 99,V,ZZZ0007,Car CD 07 - chillout 01
"Lilac time, the",Dreaming,60000710,T07,1.0,"Keeping the faith again, a creation dance compilation",V,ZZZ0007,Car CD 07 - chillout 01
"Hinds, camelle",Saulsalito calling,60000711,T01: 02,1.0,Nu cool 1,V,ZZZ0007,Car CD 07 - chillout 01
"Padilla, jose",Train to nottingham,60000712,T08,1.0,"Padilla, jose",Souvenir,ZZZ0007,Car CD 07 - chillout 01
Khao,No compromise,60000713,T03,1.0,Offering 2 (k7),V,ZZZ0007,Car CD 07 - chillout 01
Lascelles,Butterfly (& vanessa darby),60000714,T03,1.0,Abstract vibes 2,V,ZZZ0007,Car CD 07 - chillout 01
Voices of kwan ad,Return journey,60000801,T05,1.0,Cafe del mar 4 (cuatro),V,ZZZ0008,Car CD 08 - chillout 02
Outside,"Plan, the, minty",60000802,T04,1.0,"Tenaglia, danny, back to mine",V,ZZZ0008,Car CD 08 - chillout 02
Slam mode,Orbiium celestium 7,60000803,T06,1.0,"Summer breeze, glasgow underground presents, kevin mckay",V,ZZZ0008,Car CD 08 - chillout 02
State island groove,Down to the bone,60000804,T01: 10,1.0,Nu cool 1,V,ZZZ0008,Car CD 08 - chillout 02
"Fingers, mr",Survivor,60000805,T02,1.0,Future soul,V,ZZZ0008,Car CD 08 - chillout 02
Coldcut,Anamission,60000806,T01: 12,1.0,If ya can't stand the heat git outa da kitchen,V,ZZZ0008,Car CD 08 - chillout 02
Thievery corporation,Transmission central (& rockers hifi),60000807,T04,1.0,Thievery corporation,Abductions & reconstructions,ZZZ0008,Car CD 08 - chillout 02
Ballistic brothers,Uschi's groove,60000808,T07,1.0,Cafe del mar 5 (cinco),V,ZZZ0008,Car CD 08 - chillout 02
Jhelisa,Sweet dreams,60000809,T01,1.0,Fine gold,V,ZZZ0008,Car CD 08 - chillout 02
Mandalay,Beautiful (canny mix),60000811,T05,1.0,Cafe del mar 6 (seis),V,ZZZ0008,Car CD 08 - chillout 02
"Caldwell, andy",Quiet nights (& gina rene),60000812,T01: 04,1.0,Deeper,V,ZZZ0008,Car CD 08 - chillout 02
"Cole, mj",Sincere (deeper remix),60000813,T01: 07,1.0,Deeper,V,ZZZ0008,Car CD 08 - chillout 02
"Quaye, finley",Feeling blue,60000814,T06,1.0,"Quaye, finley",Vanguard,ZZZ0008,Car CD 08 - chillout 02
"Anderson, carleen",Apparently nothin,60000901,T01: 12,1.0,MOS 4,V,Z0009,Car CD 09
Kklass,Don't stop,60000902,T05,1.0,Kklass,Universal,Z0009,Car CD 09
Ultranate,Free,60000903,T02: 01,1.0,MOS 8,V,Z0009,Car CD 09
Wosp,Getting in 2 u,60000904,T01: 13,1.0,"MOS annual 2002, the",V,Z0009,Car CD 09
"Knuckles, frankie",Keep it real (& adeva),60000905,T05,1.0,"Knuckles, frankie",Welcome to the real world (& adeva),Z0009,Car CD 09
Ground level,Journey through the night,60000906,T04,1.0,Pulsating rhythms 5,V,Z0009,Car CD 09
Mel & kim,Showing out,60000907,T10,0.0,Mel & kim,Flm,Z0009,Car CD 09
"Brown, jocelyn",Something's going on,60000908,T02,1.0,"Brown, jocelyn","Hits, the",Z0009,Car CD 09
"Electric fro, the",Theme from electro fro,60000909,T18,1.0,Can your pussy do the dog,V,Z0009,Car CD 09
1st choice,Armed & extremely dangerous,60000910,T01: 03,1.0,MOS 8,V,Z0009,Car CD 09
"E, don",Love makes the world go around,60000911,T01: 10,1.0,"94th & 10th, a decade of 94th & broadway",V,Z0009,Car CD 09
"Ayers, roy",Sweet tears,60000912,T07,1.0,"Jumpin 2, classics from the original disco underground",V,Z0009,Car CD 09
Science dept,Persuasion,60000913,T01: 12,1.0,"Bedrock, john digweed",V,Z0009,Car CD 09
Dimitri from paris,Dim's jazz,60000914,T03,1.0,Future sound of paris 2,V,Z0009,Car CD 09
Mateo & matos,Happy feeling,60000915,T01: 01,0.0,"MOS late night sessions 2, xpress2",V,Z0009,Car CD 09
Eurekavibe,Sacred & true,60000916,T12,1.0,Radio raw 2,V,Z0009,Car CD 09
M people,How can I love you more (sasha remix),60001001,T02: 01,1.0,"Deconstruction classics, a history of dance music",V,Z0010,Car CD 10
Absolute us,There will come a day (& suzanne palmer),60001002,T01: 11,1.0,House of handbag,V,Z0010,Car CD 10
"Da silva, rui",Touch me,60001003,T01: 21,0.0,"MOS annual 2002, the",V,Z0010,Car CD 10
"Brown, jocelyn",Fun,60001004,T05,1.0,"Brown, jocelyn","Hits, the",Z0010,Car CD 10
Urban hype,Game of love,60001005,T05,1.0,Pulsating rhythms 5,V,Z0010,Car CD 10
"Simpson, paul & colonel abrams",Could it be,60001006,T01: 13,1.0,MOS sessions 12,V,Z0010,Car CD 10
Da mooch,Send me some love (& ellis miah),60001007,T01: 05,1.0,MOS 8,V,Z0010,Car CD 10
Magenta,Music & rights,60001008,T08,1.0,Future sound of paris 2,V,Z0010,Car CD 10
King street crew,Gonna be alright,60001009,T08,1.0,Nervous ny,V,Z0010,Car CD 10
"Giles, donna",And I tell you i'm not going to stonebridge,60001010,T05,1.0,MOS 3,V,Z0010,Car CD 10
Black science orchestra,Heavy gospel morning,60001011,T02: 03,1.0,MOS 6,V,Z0010,Car CD 10
Basement jaxx,Bingo bango,60001012,T02: 01,1.0,MOS club nation 1,V,Z0010,Car CD 10
Mcj,I'm ready for your love (& davina),60001013,T08,1.0,Made in italy,V,Z0010,Car CD 10
Androgeny,I could be this I could be that,60001014,T11,1.0,Strictly rhythm 3,V,Z0010,Car CD 10
"Murray, jolynn",It's time to party,60001015,T05,1.0,Garage divas,V,Z0010,Car CD 10
Transform,Transformation,60001101,T02: 02,1.0,Logic trance 2,V,Z0011,Car CD 11
"Sledge, kathy",Another star,60001102,T01: 03,0.0,MOS 4,V,Z0011,Car CD 11
Stereo mcs,Connected,60001103,T02: 11,0.0,"94th & 10th, a decade of 94th & broadway",V,Z0011,Car CD 11
"Brown, jocelyn",Happiness (& kamasutra),60001104,T06,1.0,"Brown, jocelyn","Hits, the",Z0011,Car CD 11
Aquanote,Only,60001105,T01: 06,1.0,Deeper,V,Z0011,Car CD 11
Freakpower,Turn on tune in cop out,60001106,T02: 10,1.0,"94th & 10th, a decade of 94th & broadway",V,Z0011,Car CD 11
"Tucker, barbara",Stay together,60001107,T01,0.0,Strictly rhythm 5,V,Z0011,Car CD 11
"Candelario, benji, project",Spread love,60001108,T02: 11,1.0,MOS sessions 12,V,Z0011,Car CD 11
"Chunks, chubby",Testament 4,60001109,T02: 08,1.0,100 mph pure underground dance 1 & 2,V,Z0011,Car CD 11
Ntrance,Set me free,60001110,T03: 03,1.0,"MOS annual 2002, the",V,Z0011,Car CD 11
Just us,What a night,60001111,T02: 12,1.0,"MOS annual 2002, the",V,Z0011,Car CD 11
Ground level,Searching for the truth,60001112,T10,1.0,Ground level,New moon,Z0011,Car CD 11
Funkygreendogs,Fired up,60001113,T02,1.0,Funkygreendogs,Getfiredup,Z0011,Car CD 11
Jetlag,So right,60001701,T02: 15,1.0,MOS clubbers guide to 2003,V,ZZZ0017,Car CD 12  - chilled mixed dance
Krystal k,Let's get it right,60001702,T02: 12,1.0,MOS clubbers guide to 2003,V,ZZZ0017,Car CD 12  - chilled mixed dance
Madasun,Walking on water,60001703,T02: 12,1.0,"Ayia napa, ultimate",V,ZZZ0017,Car CD 12  - chilled mixed dance
Chateau,Prism,60001704,T11,1.0,"Fashion tv, spring summer 2001 collection",V,ZZZ0017,Car CD 12  - chilled mixed dance
Groove armada,In side my mind,60001705,T12,1.0,Groove armada,Vertigo,ZZZ0017,Car CD 12  - chilled mixed dance
Groove armada,"Private interlude, a",60001706,T08,1.0,Groove armada,Vertigo,ZZZ0017,Car CD 12  - chilled mixed dance
"Wilkie, ian",Guten morgen,60001707,T08,1.0,Global underground destinations,V,ZZZ0017,Car CD 12  - chilled mixed dance
Oscar,Sunday 17th,60001708,T09,1.0,"Fashion tv, spring summer 2001 collection",V,ZZZ0017,Car CD 12  - chilled mixed dance
Friendly,Some kind of love song,60001709,T07,1.0,Escape,V,ZZZ0017,Car CD 12  - chilled mixed dance
Wicked beat sound system,I don't want to know,60001710,T05,1.0,Escape,V,ZZZ0017,Car CD 12  - chilled mixed dance
Hunting party,Grooving,60001711,T10,1.0,Escape,V,ZZZ0017,Car CD 12  - chilled mixed dance
Perpetual ocean,Starbright,60001712,T11,1.0,Escape,V,ZZZ0017,Car CD 12  - chilled mixed dance
Groove armada,Dusk you & me,60001713,T03,1.0,Groove armada,Vertigo,ZZZ0017,Car CD 12  - chilled mixed dance
Indian ropeman,Indian ropeman,60001714,T01: 07,1.0,We are skint,V,ZZZ0017,Car CD 12  - chilled mixed dance
Kosheen,Harder,60001715,T05,1.0,Kosheen,Resist,ZZZ0017,Car CD 12  - chilled mixed dance
"Linen, max","Sound shaker, the",60001801,T01: 17,1.0,"MOS annual 2002, the",V,Z0018,Car CD 13
"Artful dodger, the",What you gonna do (remix),60001802,T13,1.0,"Artful dodger, the",It's all about the stragglers,Z0018,Car CD 13
Illumination,Cookie river,60001803,T09,1.0,Cafe del mar 8 (ocho),V,Z0018,Car CD 13
Bedlam,Da force,60001804,T02: 10,1.0,Street fm 1,V,Z0018,Car CD 13
"Beginerz, the",Reckless girl,60001805,T01: 01,1.0,"MOS annual 2003, the",V,Z0018,Car CD 13
Natural calamity,And that's saying a lot,60001806,T09,1.0,This is not a soundclash,V,Z0018,Car CD 13
Fenomenon,Out of control,60001807,T06,0.0,This is not a soundclash,V,Z0018,Car CD 13
Mambana,No reason,60001808,T02: 06,1.0,MOS clubbers guide to 2003,V,Z0018,Car CD 13
"Riviera, sandy",Changes (& haze),60001809,T02: 03,1.0,MOS clubbers guide to 2003,V,Z0018,Car CD 13
"Streets, the",Weak becomes heroes,60001810,T01: 17,1.0,"MOS annual 2003, the",V,Z0018,Car CD 13
"Vass, dina","Love I have for you, the",60001811,T01: 14,1.0,"MOS annual 2003, the",V,Z0018,Car CD 13
Raffen,Enough of your love,60001812,T12,1.0,"Fashion tv, spring summer 2001 collection",V,Z0018,Car CD 13
Cassius,"Sound of violence, the (& steve edwards)",60001813,T01: 07,1.0,"MOS annual 2003, the",V,Z0018,Car CD 13
Dakota,Lost in brixton,60001814,T01: 12,1.0,"Global underground 021, deep dish, moscow",V,Z0018,Car CD 13
Satori,Satori,60001815,T02: 10,1.0,"Faith 1, house classics past & present, terry farley & bill brewster",V,Z0018,Car CD 13
Bt,Shame,60001901,T02: 01,1.0,"Global underground 021, deep dish, moscow",V,Z0019,Car CD 14
Basement jaxx,Do your thing,60001902,T01: 06,0.0,"MOS annual 2003, the",V,Z0019,Car CD 14
Raven maize,Fascinated,60001903,T01: 05,1.0,"MOS annual 2003, the",V,Z0019,Car CD 14
She rockers,On shane (& vs utah saints),60001904,T10,1.0,New school vs old school 2,V,Z0019,Car CD 14
Nerd,Run to the sun,60001905,T07,1.0,Nerd,In search of,Z0019,Car CD 14
Jamiroquai,Love foolsonly,60001906,T01: 04,1.0,"MOS annual 2003, the",V,Z0019,Car CD 14
Bis project,Girls like us,60001907,T13,1.0,MOS 2step the album,V,Z0019,Car CD 14
"Artful dodger, the",Moving too fast (& romina johnson),60001909,T02: 02,1.0,"Ayia napa, ultimate",V,Z0019,Car CD 14
"Aaron, robert",Sax in the ozone,60001910,T02: 03,1.0,"Faith 1, house classics past & present, terry farley & bill brewster",V,Z0019,Car CD 14
"Jones, digby",Pina colada,60001911,T12,1.0,Cafe del mar 8 (ocho),V,Z0019,Car CD 14
Layo & bushwacka,Love story,60001912,T01: 02,1.0,"MOS annual 2003, the",V,Z0019,Car CD 14
Il padrinos,That's how good your love is (& jocelyn brown),60001913,T01: 03,1.0,"MOS annual 2003, the",V,Z0019,Car CD 14
King unique,Look ahead,60001914,T01: 18,1.0,"Ayia napa, ultimate",V,Z0019,Car CD 14
India,To be in love (& maw presents),60001915,T01: 19,1.0,"Ayia napa, ultimate",V,Z0019,Car CD 14
Kings of tomorrow,Finally,60001916,T01: 11,1.0,"Faith 1, house classics past & present, terry farley & bill brewster",V,Z0019,Car CD 14
Fridge,Paradise,60001917,T02: 12,1.0,Street fm 1,V,Z0019,Car CD 14
Fc kahuna,Hdyling,60014901,T02: 04,0.0,"Chillout classics, the ultimate album",V,ZZZ0149,Drm 034 Superchilled 04
Hong kong trash,Down the river,60014902,T02: 12,0.0,"MOS late night sessions 2, xpress2",V,ZZZ0149,Drm 034 Superchilled 04
"Moneypenny project, the",Marie lou,60014908,T14,0.0,"Fashion tv, spring summer 2001 collection",V,ZZZ0149,Drm 034 Superchilled 04
"Tobin, amon",Natureland,60014909,T12,0.0,"Tobin, amon",Supermodified,ZZZ0149,Drm 034 Superchilled 04
"Avalanches, the",Eion / Summer crane,60014910,"T14,15",0.0,"Avalanches, the",Since I left you,ZZZ0149,Drm 034 Superchilled 04
Kinobe,Slip into something more comfortable,60014911,T01: 02,0.0,"Chillout classics, the ultimate album",V,ZZZ0149,Drm 034 Superchilled 04
Golan project,Triptica,60014912,T01: 01 (& 02),0.0,"Dusk at byron bay, sharif galal",V,ZZZ0149,Drm 034 Superchilled 04
"Tobin, amon",Keeping it stree,60014913,T11,0.0,"Tobin, amon",Supermodified,ZZZ0149,Drm 034 Superchilled 04
4 tet,Rivers become oceans (& rothko),60015001,T07,0.0,Fabulous shit,V,ZZZ0150,Drm 035 Superchilled 05
Afterlife,How does it feel,60015002,T01: 05,0.0,Zen connection 3,V,ZZZ0150,Drm 035 Superchilled 05
Chungking,Bubble love,60015003,T01: 06,0.0,"Chillout classics, the ultimate album",V,ZZZ0150,Drm 035 Superchilled 05
Goldfrapp,Pilots,60015004,T04,0.0,Goldfrapp,Felt mountain,ZZZ0150,Drm 035 Superchilled 05
Thievery corporation,Un simple histoire (voidd remix),60015005,T08,0.0,"Thievery corporation, babylon rewound",V,ZZZ0150,Drm 035 Superchilled 05
Fun loving criminals,Methodonia,60015006,T13,0.0,Fun loving criminals,Come find yourself,ZZZ0150,Drm 035 Superchilled 05
Bhakta & helen,Something strong,60015007,T01: 08,0.0,Zen connection 3,V,ZZZ0150,Drm 035 Superchilled 05
Funkstar de luxe,When I think of you (& the crickets),60015008,T01: 08,0.0,Disco kandi,V,ZZZ0150,Drm 035 Superchilled 05
Cantoma,"Call, the (& pathaan)",60015009,T01: 09,0.0,Zen connection 3,V,ZZZ0150,Drm 035 Superchilled 05
Solid sessions,Janeiro,60015012,T03: 05,0.0,Gatecrasher digital,V,ZZZ0150,Drm 035 Superchilled 05
Ryukyu underground,Kanasando,60015013,T02: 05,0.0,Zen connection 3,V,ZZZ0150,Drm 035 Superchilled 05
Way out west,Intensify,60015014,T03: 07,0.0,Gatecrasher digital,V,ZZZ0150,Drm 035 Superchilled 05
D genre,Drum al amour,60015101,T10,0.0,Rasamello 2,V,ZZZ0151,Drm 036 Superchilled 06
Amber,Sexual (afterlife mix),60015102,T03,0.0,Rasamello 2,V,ZZZ0151,Drm 036 Superchilled 06
"Thorton, phil",Resolution,60015103,T01: 06,0.0,Zen connection 2,V,ZZZ0151,Drm 036 Superchilled 06
Lotus,Air & angels,60015104,T13,0.0,Rasamello 1,V,ZZZ0151,Drm 036 Superchilled 06
"Yokota, susumu",Flying cat,60015105,T12,0.0,"Yokota, susumu",Grinning cat,ZZZ0151,Drm 036 Superchilled 06
"Chopra, deepak",Oceans of ecstasy,60015106,T02,0.0,Rasamello 2,V,ZZZ0151,Drm 036 Superchilled 06
"Return, the",New day,60015107,T01: 03,0.0,"Global underground 017, london danny tenaglia",V,ZZZ0151,Drm 036 Superchilled 06
Get fucked,Dreams are made,60015108,T01,0.0,Get fucked,Wet dreams,ZZZ0151,Drm 036 Superchilled 06
"Namtchylak, sainkho",Ohm suaa,60015109,T02: 02,0.0,Buddha bar 7,V,ZZZ0151,Drm 036 Superchilled 06
Banzai republic,Loolah (& natacha atlas),60015110,T01: 06,0.0,Zen connection 4,V,ZZZ0151,Drm 036 Superchilled 06
Sufani,Gaudi,60015111,T01: 12,0.0,"Buddha bar 2, spirit of, siddharta",V,ZZZ0151,Drm 036 Superchilled 06
"Sanchez, roger",Another chance,60015112,T01: 06,0.0,"MOS chillout sessions 3, the",V,ZZZ0151,Drm 036 Superchilled 06
Orbient,Boarding,60015113,T14,0.0,Hotel costes 4,V,ZZZ0151,Drm 036 Superchilled 06
Yonder boi,Fairy of the lake,60015114,T01: 07,0.0,"Big chill loves you, the",V,ZZZ0151,Drm 036 Superchilled 06
Supervielle,Perfume,60015116,T02: 06,0.0,Buddha bar 7,V,ZZZ0151,Drm 036 Superchilled 06
"Miles, robert",Path,60015201,T01: 11,0.0,"Big chill loves you, the",V,ZZZ0152,Drm 037 Superchilled 07
Omnimotion,Japan,60015202,T01: 07,0.0,Zen connection 4,V,ZZZ0152,Drm 037 Superchilled 07
Grassskirt,Tonite,60015203,T02: 02,0.0,"Buddha bar 2, spirit of, siddharta",V,ZZZ0152,Drm 037 Superchilled 07
Dzihan & kamien,Airport,60015204,T08,0.0,Dzihan & kamien,Gran riserva,ZZZ0152,Drm 037 Superchilled 07
"Sheehan, rhian",Phobos,60015205,T01: 11,0.0,Zen connection 4,V,ZZZ0152,Drm 037 Superchilled 07
Module & jess chamber,Twilight stolen,60015207,T04,0.0,Elysian vibes 4,V,ZZZ0152,Drm 037 Superchilled 07
"Kennedy, jon",Smith vs smith,60015208,T07,0.0,Future sound of jazz 8,V,ZZZ0152,Drm 037 Superchilled 07
Bombay dub orchestra,Greater silence,60015209,T01: 06,0.0,Bombay dub orchestra,Bombay dub orchestra,ZZZ0152,Drm 037 Superchilled 07
Parallel,Interstellar,60015210,T01: 12,0.0,Zen connection 4,V,ZZZ0152,Drm 037 Superchilled 07
Order in chaos,Ocean dreams,60015211,T02: 10,0.0,Zen connection,V,ZZZ0152,Drm 037 Superchilled 07
Jazzanova,Bohemian sunset,60015212,T01: 15,0.0,"MOS chillout sessions 3, the",V,ZZZ0152,Drm 037 Superchilled 07
Variety lab,London in the rain,60015213,T01,0.0,Hotel costes 4,V,ZZZ0152,Drm 037 Superchilled 07
Bombay dub orchestra,Rare earth (dub),60015214,T02: 01,0.0,Bombay dub orchestra,Bombay dub orchestra,ZZZ0152,Drm 037 Superchilled 07
Blue 6,Music & wine,60015301,T02: 03,0.0,"MOS chillout sessions 3, the",V,ZZZ0153,Drm 038 Superchilled 08
"Bailey, ronnie",Rise,60015302,T01: 04,0.0,Beach house,V,ZZZ0153,Drm 038 Superchilled 08
Method,I've got a cat,60015303,T02,0.0,Hotel costes 4,V,ZZZ0153,Drm 038 Superchilled 08
Thunderball,Solar,60015304,T03,0.0,Hotel costes 4,V,ZZZ0153,Drm 038 Superchilled 08
Bent,Sing me,60015305,T06,0.0,Bent,Ariels,ZZZ0153,Drm 038 Superchilled 08
Amanaska,Bag the llama,60015306,T02: 03,0.0,Zen connection 4,V,ZZZ0153,Drm 038 Superchilled 08
Sphongle,Once upon the sea of blissful awareness,60015307,T01: 10,0.0,Buddha bar 8,V,ZZZ0153,Drm 038 Superchilled 08
Bombay dub orchestra,Compassion (dub),60015308,T02: 06,0.0,Bombay dub orchestra,Bombay dub orchestra,ZZZ0153,Drm 038 Superchilled 08
Latrice,Hold the light,60015309,T01: 08,0.0,Beach house,V,ZZZ0153,Drm 038 Superchilled 08
"Popat, sam",Golden ring (& alexandre scheffer),60015310,T01: 11,0.0,Buddha bar 8,V,ZZZ0153,Drm 038 Superchilled 08
"Gerrard, lisa",Spaceweaver,60015311,T06,0.0,"Gerrard, lisa","Silver tree, the",ZZZ0153,Drm 038 Superchilled 08
Alphax,"Wedding song, the",60015312,T01: 01,0.0,Zen connection 2,V,ZZZ0153,Drm 038 Superchilled 08
Mystic diversions,Float on,60015313,T04,0.0,Rasamello 1,V,ZZZ0153,Drm 038 Superchilled 08
"Marin, elkin",Wallanwala,60015314,T01: 13,0.0,Buddha bar 8,V,ZZZ0153,Drm 038 Superchilled 08
Savath & savalas,Apnes obstructive,60015401,T02,0.0,Savath & savalas,Golden pollen,ZZZ0154,Drm 039 Superchilled 09
Alphax,"Indian summer, an",60015403,T01: 04,0.0,Buddha bar 7,V,ZZZ0154,Drm 039 Superchilled 09
Cinematic orchestra,Breathe,60015404,T09,0.0,Cinematic orchestra,Ma fleur,ZZZ0154,Drm 039 Superchilled 09
Tya,Coming home,60015405,T01,0.0,Buddha lounge 2,V,ZZZ0154,Drm 039 Superchilled 09
Cirque du soliel,"Tate blish, a",60015406,T01: 04,0.0,"Buddha bar 2, spirit of, siddharta",V,ZZZ0154,Drm 039 Superchilled 09
Endorphin,Shukran,60015407,T01,0.0,Endorphin,Shake it,ZZZ0154,Drm 039 Superchilled 09
Mkl vs soy sos,Skin,60015408,T02: 03,0.0,Buddha bar 1,V,ZZZ0154,Drm 039 Superchilled 09
Banzai republic,Never feel,60015409,T01: 05,0.0,"Buddha bar 2, spirit of, siddharta",V,ZZZ0154,Drm 039 Superchilled 09
"Brown, ian",Solarized,60015410,T05,0.0,"Brown, ian",Solarized,ZZZ0154,Drm 039 Superchilled 09
Dzihan & kamien,Stiff jazz,60015411,T01,0.0,Dzihan & kamien,Gran riserva,ZZZ0154,Drm 039 Superchilled 09
Spiral system & lottie child,Elephant,60015412,T01: 02,0.0,Zen connection 4,V,ZZZ0154,Drm 039 Superchilled 09
"Padilla, jose",Light my heart,60015413,T01: 11,0.0,Buddha bar 7,V,ZZZ0154,Drm 039 Superchilled 09
"Sotomayor, nacho",Too far,60015414,T02: 13,0.0,Zen connection,V,ZZZ0154,Drm 039 Superchilled 09
Dzihan & kamien,Thrill,60015415,T10,0.0,Dzihan & kamien,Gran riserva,ZZZ0154,Drm 039 Superchilled 09
Sigur ros,Festival,60020501,T05,0.0,Sigur ros,Med sud i eyrum vid spilum endalaust,ZZZ0205,Drm 049 Superchilled 11
Pnau,Die with us,60020502,T12,0.0,Pnau,Pnau,ZZZ0205,Drm 049 Superchilled 11
Unknown,Unknown,60020503,T08,0.0,"Afterlife, free cd with speck of gold 2 of 4, bliss",V,ZZZ0205,Drm 049 Superchilled 11
Dolphin boy,Shake it loose,60020504,T01: 03,0.0,Buddha bar 6,V,ZZZ0205,Drm 049 Superchilled 11
Marden hill,Bardot,60020505,T02: 18,0.0,"Lust, jeoy negro, a personal collection by",V,ZZZ0205,Drm 049 Superchilled 11
Afterlife,Shine (chris coco mix),60020506,T02: 02,0.0,Afterlife,Speck of gold,ZZZ0205,Drm 049 Superchilled 11
"Ramos, monica",Para un angelito,60020509,T10,0.0,Traveler 01,V,ZZZ0205,Drm 049 Superchilled 11
Dephazz,Mambo craze (& pat appleton),60020510,T01: 10,0.0,Buddha bar 2,V,ZZZ0205,Drm 049 Superchilled 11
Trumpet thing,Need you,60020511,T01: 01,0.0,Buddha bar 2,V,ZZZ0205,Drm 049 Superchilled 11
Southern street player,Who keeps changing your mind,60020513,T02: 02,0.0,"Defected in the house, zouk out singapore 10",V,ZZZ0205,Drm 049 Superchilled 11
Slow train,Trail of dawn,60020514,T02: 03,0.0,Buddha bar 6,V,ZZZ0205,Drm 049 Superchilled 11
Ambisonic,Helicopter kinda girl,60020515,T02: 10,0.0,& still no hits,V,ZZZ0205,Drm 049 Superchilled 11
Unknown,Unknown,60020601,T10,0.0,"Afterlife, free cd with speck of gold 1 of 4, chill",V,ZZZ0206,Drm 050 Superchilled 12
9lazy9,Big 6,60020602,T06,0.0,9lazy9,Sweet jones,ZZZ0206,Drm 050 Superchilled 12
Wild beasts,2 dancers 1,60020603,T08,0.0,"Golden sounds of domino, the, nme presents",V,ZZZ0206,Drm 050 Superchilled 12
Deadbeats,Funky for you,60020604,T01: 09,0.0,Buddha bar 2,V,ZZZ0206,Drm 050 Superchilled 12
Unknown,Unknown,60020605,T04,0.0,"Afterlife, free cd with speck of gold 4 of 4, love",V,ZZZ0206,Drm 050 Superchilled 12
"Sawhney, nitin",Nothing,60020606,T02,0.0,"Sawhney, nitin",Prophecy,ZZZ0206,Drm 050 Superchilled 12
Pacific,Break your social system,60020607,T02: 16,0.0,MOS chillout sessions 11,V,ZZZ0206,Drm 050 Superchilled 12
Rude awakening,"Dip, the",60020608,T01: 07,0.0,"Connected, 15 years of garage city",V,ZZZ0206,Drm 050 Superchilled 12
"Espiritu, mr joshua presents",In praise of the sun,60020609,T16,0.0,"Afterlife, free cd with speck of gold 1 of 4, chill",V,ZZZ0206,Drm 050 Superchilled 12
Bliss,Manvantara,60020610,T02: 07,0.0,Buddha bar 6,V,ZZZ0206,Drm 050 Superchilled 12
Pqm,Nameless (& pilgrim soul),60020611,T02: 10,0.0,Buddha bar 6,V,ZZZ0206,Drm 050 Superchilled 12
Bravo mike,Tear in my eye,60020612,T01: 03,0.0,"Sanchez, roger, release yourself 5",V,ZZZ0206,Drm 050 Superchilled 12
"Skakoor, nadirah",Love song,60020613,T01: 01,0.0,"Sanchez, roger, release yourself 6",V,ZZZ0206,Drm 050 Superchilled 12
"Wellons, tamara",Oh well,60020614,T01: 02,0.0,"Sanchez, roger, release yourself 6",V,ZZZ0206,Drm 050 Superchilled 12
Unknown,Unknown,60020615,T03,0.0,"Afterlife, free cd with speck of gold 4 of 4, love",V,ZZZ0206,Drm 050 Superchilled 12
Uzect plausch,Auto radia,60033314,T05,0.0,Uzect plausch,More beautiful human life 1,ZZ0333,"Adhoc tracks (60033314 is the only track from 333, rest are adhoc addins)"
Cosmic baby,Heaven's tears,60033315 (60029908),T05,1.0,Trancemaster 4,V,ZZ0333,"Adhoc tracks (60033314 is the only track from 333, rest are adhoc addins)"
"Jackson, michael",In the closet (club mix),60068902,T02,1.0,"Jackson, michael",In the closet (maxi single cd),ZZ0689,dnc 317 - Supermodified dance 01
"Michael, george",Flawless (shapeshifter remix),60068904,T02,0.0,"Michael, george","Flawless, the mixes (single)",ZZ0689,dnc 317 - Supermodified dance 01
Phuture,Rise from your grave (remix),60068905,T04,0.0,"Order to dance 4, in",V,ZZ0689,dnc 317 - Supermodified dance 01
Quench,Dreams (deluxe 12' edit),60068906,T11,0.0,Quench,Sequenchial,ZZ0689,dnc 317 - Supermodified dance 01
Orbital,Oolaa,60068907,T03,0.0,Orbital,"Orbital (orange, oolaa)",ZZ0689,dnc 317 - Supermodified dance 01
Ashtrax,Digital reason,60068908,T04,0.0,Y3k soundtrack to the future,V,ZZ0689,dnc 317 - Supermodified dance 01
Sabres of paradise,Still fighting,60068909,T04,0.0,Sabres of paradise,Sabresonic 2,ZZ0689,dnc 317 - Supermodified dance 01
Tricky,You don't,60068910,T10,0.0,Tricky,Maxinquaye,ZZ0689,dnc 317 - Supermodified dance 01
"Clail, gary",Hard left (& tackhead),60068911,T01: 13,0.0,"15 years in an open boat, a history of onu sound",V,ZZ0689,dnc 317 - Supermodified dance 01
Cabaret voltaire,Crackdown,60068912,T09,0.0,Cabaret voltaire,Crackdown,ZZ0689,dnc 317 - Supermodified dance 01
Psychic tv,Stick insect,60068913,T11,0.0,Psychic tv,Towards thee infinite beat,ZZ0689,dnc 317 - Supermodified dance 01
Jakatta,American dream,60069001,T01: 01,0.0,MOS headliners 02,V,ZZ0690,dnc 318 - Supermodified dance 02
Layers of sound & the demetrios project,Mission,60069002,T01: 02,0.0,MOS housexy international,V,ZZ0690,dnc 318 - Supermodified dance 02
Distance,Innocence,60069005,T02,0.0,Funky deep n tribal,V,ZZ0690,dnc 318 - Supermodified dance 02
Plastic avengers,If you wanna be (& gay sutherland),60069006,T04,0.0,Plastic avengers,Space graffiti,ZZ0690,dnc 318 - Supermodified dance 02
Lexilove,I see you,60069007,T10,0.0,Y3k soundtrack to the future,V,ZZ0690,dnc 318 - Supermodified dance 02
"Brown, kathy",Joy,60069008,T02: 07,0.0,MOS dance nation 6,V,ZZ0690,dnc 318 - Supermodified dance 02
Funkygreendogs,Fired up (club 69 future mix),60069009,T02: 11,0.0,Deeper,V,ZZ0690,dnc 318 - Supermodified dance 02
Du monde,Tomorrow,60069010,T02: 02,0.0,Trancemaster 19,V,ZZ0690,dnc 318 - Supermodified dance 02
Pig,Blades,60069011,T03: 06,0.0,Goth industrial club anthems,V,ZZ0690,dnc 318 - Supermodified dance 02
Love roc vs karmen ellis,18 again,60069101,T03,0.0,"Summer breeze, glasgow underground presents, kevin mckay",V,ZZ0691,dnc 319 - Supermodified dance 03
Ritmo / Redanka / Starecase,G13 / No frills / Hopeless (1st 7 mins),60069102,"T08,09,10",0.0,"Vital progressive house, declan lee",V,ZZ0691,dnc 319 - Supermodified dance 03
Rae & christian,Divine sounds,60069103,T01,0.0,Rae & christian,Northern sulphuric soul,ZZ0691,dnc 319 - Supermodified dance 03
Coldcut,Atomic moog 2000,60069104,T02,0.0,Coldcut,Let us play,ZZ0691,dnc 319 - Supermodified dance 03
Loudeast,Lights off,60069105,T01,0.0,Funky deep n tribal,V,ZZ0691,dnc 319 - Supermodified dance 03
Antarctica,Adrift,60069106,T02: 03,0.0,Reactivate 17,V,ZZ0691,dnc 319 - Supermodified dance 03
Aura,White boy,60069107,T02: 06,0.0,Trance pioneers 2,V,ZZ0691,dnc 319 - Supermodified dance 03
"Flemming, john oo",Lost in emotion,60069108,T01: 08,0.0,Reactivate 16,V,ZZ0691,dnc 319 - Supermodified dance 03
Front 242,Offend,60069109,T08,0.0,Front 242,05:22:09:12 off,ZZ0691,dnc 319 - Supermodified dance 03
Tones on tail,War,60069110,T01,0.0,Tones on tail,Night music,ZZ0691,dnc 319 - Supermodified dance 03
Future pilot aka,Pink city (& bill wells),60069201,T01: 02,0.0,"Future pilot aka, vs a galaxy of sound",V,ZZ0692,drm 140 - Superchilled 14
Bomb the bass,Bug powder dust (k & d tm instrumental),60069202,T06,0.0,"Faithless, back to mine",V,ZZ0692,drm 140 - Superchilled 14
Dub mix convention,World cup,60069203,T02: 11,0.0,Chillout basscapes,V,ZZ0692,drm 140 - Superchilled 14
Solid state,56k,60069204,T11,0.0,"Evolutionary vibes 3, the evolution will not be televised",V,ZZ0692,drm 140 - Superchilled 14
"L, johnny",This time,60069206,T03,0.0,Jungle jazz 1,V,ZZ0692,drm 140 - Superchilled 14
Limos,"Night goes on, the",60069208,T01: 08,0.0,Deeper,V,ZZ0692,drm 140 - Superchilled 14
"Cole, mj",Tired games,60069209,T02,0.0,"Cole, mj",Sincere,ZZ0692,drm 140 - Superchilled 14
Only child,Rain,60069210,T01: 08,0.0,Central heating 1,V,ZZ0692,drm 140 - Superchilled 14
Bent,Swollen,60069211,T10,0.0,Cafe del mar 7 (siete),V,ZZ0692,drm 140 - Superchilled 14
Mercury rev,Chasing a bee,60069213,T01: 01,0.0,Mercury rev,"Yerself is steam, special edition",ZZ0692,drm 140 - Superchilled 14
Excessive force,Violent peace,60069302,T01: 05,0.0,"Waxtrax, the black box, 13 years of waxtrax",V,ZZZZ0693,"Dnc 317, 80s, 90s Industrial dance"
Project pitchfork,Song of the winds,60069303,T03,0.0,We came to dance 2,V,ZZZZ0693,"Dnc 317, 80s, 90s Industrial dance"
Clock dva,Bitstream,60069304,T04,0.0,Contemporary 91,V,ZZZZ0693,"Dnc 317, 80s, 90s Industrial dance"
"Fair sex, the","Not now, not here",60069305,T05,0.0,We came to dance 2,V,ZZZZ0693,"Dnc 317, 80s, 90s Industrial dance"
Para cont,D ranged,60069306,T15,0.0,We came to dance 6,V,ZZZZ0693,"Dnc 317, 80s, 90s Industrial dance"
Steril,Egoist,60069307,T12,0.0,We came to dance 6,V,ZZZZ0693,"Dnc 317, 80s, 90s Industrial dance"
Clock dva,Beautiful losers,60069308,T02,0.0,Clock dva,Advantage,ZZZZ0693,"Dnc 317, 80s, 90s Industrial dance"
Cyberaktif,Nothing stays,60069309,T02: 12,0.0,"Waxtrax, the black box, 13 years of waxtrax",V,ZZZZ0693,"Dnc 317, 80s, 90s Industrial dance"
Front 242,Break me (& female),60069310,T09,0.0,Front 242,Mutagemixage,ZZZZ0693,"Dnc 317, 80s, 90s Industrial dance"
Schnitt acht,Crouch,60069311,T12,0.0,Body rapture 2,V,ZZZZ0693,"Dnc 317, 80s, 90s Industrial dance"
Nitzer ebb,Kia (pk mix),60069312,T10,0.0,Nitzer ebb,Belief,ZZZZ0693,"Dnc 317, 80s, 90s Industrial dance"
Frontline assembly,Transmutation,60069313,T01,0.0,Total 01,V,ZZZZ0693,"Dnc 317, 80s, 90s Industrial dance"
Controlled bleeding,Auto grind,60069314,T03,0.0,Controlled bleeding,Penetration,ZZZZ0693,"Dnc 317, 80s, 90s Industrial dance"
Clock dva,Sound mirror,60069315,T04,0.0,Clock dva,Collective,ZZZZ0693,"Dnc 317, 80s, 90s Industrial dance"
Christian death,Romeo's distress,60069316,T02: 08,0.0,Goth industrial club anthems,V,ZZZZ0693,"Dnc 317, 80s, 90s Industrial dance"
Fraud star,Work that,60077701,T03: 09,0.0,"Balance 007, chris fortier",V,ZZ0777,- deep house 01
"Richards, eddie","M, baby",60077702,T01: 03,0.0,Balance 009,V,ZZ0777,- deep house 01
"Clement, mark","Tunnel, the",60077703,T01: 08,0.0,Balance 008,V,ZZ0777,- deep house 01
Sugarbabes,Round round (mandy mix),60077704,T09,0.0,"Mandy, 12 great remixes for 11 great artists",V,ZZ0777,- deep house 01
Cube guys,Te quiero,60077705,T01: 10,0.0,"Sanchez, roger, release, yourself 4",V,ZZ0777,- deep house 01
"Saul, will",Teddy's back (& tam cooper),60077706,T03: 16,0.0,"Balance 015, will saul",V,ZZ0777,- deep house 01
Sunshine jones,If you wouldn't mind,60077707,T02: 06,0.0,"Renaissance, danny howells, mix selection",V,ZZ0777,- deep house 01
Geiom,Reminissin (& marita),60077708,T03: 05,0.0,"Balance 015, will saul",V,ZZ0777,- deep house 01
Azymuth,Space jazz carnival,60077709,T01: 12,0.0,"Renaissance, danny howells, mix selection",V,ZZ0777,- deep house 01
Pangaea,Router,60077710,T02: 19,0.0,"Balance 015, will saul",V,ZZ0777,- deep house 01
Timewriter,Lion steps,60077711,T01: 13,0.0,Balance 009,V,ZZ0777,- deep house 01
"Gilmour, david, girls",Crackhousewarmingparty,60077712,T03: 14,0.0,"Balance 007, chris fortier",V,ZZ0777,- deep house 01
Quivver,Orgazoid (mix 2 mix),60077713,T02: 04,0.0,Bedrock 12 by digweed,V,ZZ0777,- deep house 01
"Goze, christophe",Ja vidi,60091301,T06,0.0,"6 degrees collection, arabian travels 2",V,ZZ0913,- deep house 02
New phunk theory,Honey falls,60091304,T08,0.0,New phunk theory,Just a phase,ZZ0913,- deep house 02
"Blond, christine",Love shy,60091305,T03,0.0,"Speed garage underground london, tuff & jam",V,ZZ0913,- deep house 02
Vin zee,Funky be bop,60091307,T04: 07,0.0,Grand 12 inches 6,V,ZZ0913,- deep house 02
Phat kat inc,If you wanna,60091308,T10 (60086102 9:06 to end),0.0,"Speed garage underground london, tuff & jam",V,ZZ0913,- deep house 02
"Moses, teedra",You'll never find a better woman,60091310,T02,0.0,"Moses, teedra",Complex simplicity,ZZ0913,- deep house 02
Cicada,Tricks,60091311,T01: 14,0.0,Serve chilled 2007,V,ZZ0913,- deep house 02
"Stelar, parov",Kisskiss,60091312,T08,0.0,Hotel costes 8,V,ZZ0913,- deep house 02
"Moses, teedra",Be your girl (perempay & dee mix),60091313,T20 (60086609 10:33 to end),0.0,"Rinse 10, marcus nasty",V,ZZ0913,- deep house 02
Dj fluid,Presence,60091315,T13,0.0,Sounds of om 4,V,ZZ0913,- deep house 02
Rithma,Flying over the city,60091402,T05,0.0,United nations of future music 1,V,ZZ0914,- deep house 03
Lv,I know (& joshua idehen),60091403,T01,0.0,Lv,Routes (& joshua idehen),ZZ0914,- deep house 03
Hercules & love affair,You belong,60091404,T03,0.0,Hercules & love affair,Hercules & love affair,ZZ0914,- deep house 03
Romanthony,Ministry of love,60091405,T02: 03 (60084604 0:00 - 5:30),0.0,"United dj's of america 4, frankie knuckles",V,ZZ0914,- deep house 03
Fred everything,Howdy (& vs banzai republic),60091407,T02,0.0,United nations of future music 1,V,ZZ0914,- deep house 03
Hypnos,Red light,60091409,T01: 05 (60085503A 5:15 - 10:15),0.0,Balance 011,V,ZZ0914,- deep house 03
Willzoid,Picadilly circuits,60091410,T15 (60083509 0:00 -2:57),0.0,"Body language 01, by mandy",V,ZZ0914,- deep house 03
Lcd soundsystem,1 touch,60091411,T03,0.0,Lcd soundsystem,This is happening,ZZ0914,- deep house 03
Luzon,"Baguio track, the",60091413,T01: 10 (60084406 15:11 to end),1.0,Balance 001,V,ZZ0914,- deep house 03
"Hawkshaw, kirsty",Sanctuary,60091501,T02: 09,0.0,"Big chill 2, enchanted",V,ZZ0915,Def 189 GC to CC faves 1
"Clail, gary",Beef,60091502,T09,0.0,"Clail, gary",Emotional hooligan,ZZ0915,Def 189 GC to CC faves 1
"King, evelyn champagne",Slowdown,60091506,T02: 01,0.0,"King, evelyn champagne",Long time coming,ZZ0915,Def 189 GC to CC faves 1
Royksopp,What else is there,60091508,T07,0.0,Royksopp,"Understanding, the",ZZ0915,Def 189 GC to CC faves 1
Leftfield,Song of life,60091511,T01,0.0,Trance 2,V,ZZ0915,Def 189 GC to CC faves 1
Phew,Signal,60091513,T02,0.0,Phew,Phew,ZZ0915,Def 189 GC to CC faves 1
28th street crew,O,60104102,T01,0.0,MOS 3,V,ZZ1041,dnc 433 solid pleasure 1 of 3
Fk,Hypnodelic,60104106,T02: 02,0.0,MOS 6,V,ZZ1041,dnc 433 solid pleasure 1 of 3
Roxy music,Angel eyes (12 inch),60104110,T02,0.0,"Ferry, bryan & roxy music","Right mixes, the",ZZ1041,dnc 433 solid pleasure 1 of 3
Heaven 17,Play to win,60104111,T01: 10,0.0,12” 80s electropop,V,ZZ1041,dnc 433 solid pleasure 1 of 3
"O'neal, alexander",Criticise (extended remix),60104207,T06,0.0,"O'neal, alexander",Icon,ZZ1042,dnc 434 solid pleasure 2 of 3
Dream academy,"Love parade, the (extended)",60104209,T10,0.0,Retro active 2,V,ZZ1042,dnc 434 solid pleasure 2 of 3
"Downing, will","Love supreme, a",60104212,T03: 08,1.0,12” 80s grooves,V,ZZ1042,dnc 434 solid pleasure 2 of 3
Severed heads,Dead eyes opened (6:28),60104213,T02: 07,0.0,"Metal dance, industrial postpunk rarities 80 to 88 vol 1",V,ZZ1042,dnc 434 solid pleasure 2 of 3
"Imperial, mark",J'adore danser (club mix),60104301,T03: 08,1.0,"History of the house sound of chicago, the",V,Z1043,"dnc 435 solid pleasure 3 of 3, chicago house"
"Mclaren, malcolm",Deep in vogue (bantje realness mix),60104302,T03,0.0,"Mclaren, malcolm",Deep in vogue (& the house of mclaren) (cd maxi),Z1043,"dnc 435 solid pleasure 3 of 3, chicago house"
Billie,Nobody's business (radio mix),60104303,T10: 09,1.0,"History of the house sound of chicago, the",V,Z1043,"dnc 435 solid pleasure 3 of 3, chicago house"
Libra libra,I like it,60104304,T07: 04,1.0,"History of the house sound of chicago, the",V,Z1043,"dnc 435 solid pleasure 3 of 3, chicago house"
Mink,What does it take (fashion mix),60104305,T10: 03,1.0,"History of the house sound of chicago, the",V,Z1043,"dnc 435 solid pleasure 3 of 3, chicago house"
Movement,"Movement, the",60104306,T09: 09,1.0,"History of the house sound of chicago, the",V,Z1043,"dnc 435 solid pleasure 3 of 3, chicago house"
Thompson & lenoir,Can't stop the house,60104307,T10: 10,1.0,"History of the house sound of chicago, the",V,Z1043,"dnc 435 solid pleasure 3 of 3, chicago house"
Jellybean,"Real thing, the (& ft steven dante) (west 26th street mix)",60104308,T12: 02,1.0,"History of the house sound of chicago, the",V,Z1043,"dnc 435 solid pleasure 3 of 3, chicago house"
Kenny d,Everything bamboo (club version (& tommy musto),60104309,T09: 07,1.0,"History of the house sound of chicago, the",V,Z1043,"dnc 435 solid pleasure 3 of 3, chicago house"
Krush,"House arrest, the beat is the law",60104310,T13: 04,1.0,"History of the house sound of chicago, the",V,Z1043,"dnc 435 solid pleasure 3 of 3, chicago house"
"2 puerto ricans, a blackman & a dominican",Do it properly (def mix),60104311,T09: 06,1.0,"History of the house sound of chicago, the",V,Z1043,"dnc 435 solid pleasure 3 of 3, chicago house"
Farm boy,Sway,60104312,T03: 06,1.0,"History of the house sound of chicago, the",V,Z1043,"dnc 435 solid pleasure 3 of 3, chicago house"
Tiny tunes,Will you catch me,60104401,T10,0.0,Cafe del mar 8 (ocho),V,Z1044,Car CD 15
"Gopher, alex","Child, the (faze action party mix)",60104402,T03,0.0,"Fashion tv, spring summer 2001 collection",V,Z1044,Car CD 15
Atm,Slow dive,60104403,T02: 09,0.0,Central heating 1,V,Z1044,Car CD 15
"Sinclair, bob","Beat goes on, the",60104404,T01: 01,0.0,MOS clubbers guide to 2003,V,Z1044,Car CD 15
"Germain, st",Sure thing,60104405,T06,0.0,"Germain, st",Tourist,Z1044,Car CD 15
Dread flimstone,From the ghetto (& the modern tone age family & jah t),60104406,T01: 02,0.0,Back to love,V,Z1044,Car CD 15
Tosca,Gute laune (& tweed),60104407,T01: 03,0.0,Tosca,Delhi9,Z1044,Car CD 15
Crazy penis,There's a better place,60104408,T10,0.0,"Suite royale, st moritz vibes 2",V,Z1044,Car CD 15
Sabres of paradise,Wilmot's last skank,60104409,T02: 08,0.0,"Dusk at byron bay, sharif galal",V,Z1044,Car CD 15
"Malik, peter",Strange transmissions (norah jones),60104410,T02: 03,0.0,Disco kandi,V,Z1044,Car CD 15
Steve mac,Loving you more (& vs mosquito & steve smith),60104412,T01: 14,0.0,"MOS annual 2006, the",V,Z1044,Car CD 15
"Deluxe, tim",Let's talk more action,60104413,T01: 05,0.0,Absolute,V,Z1044,Car CD 15
"Mantronik, kurtis",How did you know (& chamonix),60104602,T01: 10,0.0,Absolute,V,Z1046,Car CD 16
Roc project,Never (& tina arena),60104603,T02: 07,0.0,Absolute,V,Z1046,Car CD 16
Saturated soul & miss bunty,Got to release,60104607,T01: 06,0.0,Disco kandi,V,Z1046,Car CD 16
"Sawhney, nitin",Lately,60104608,T01: 08,0.0,"Sawhney, nitin",All mixed up,Z1046,Car CD 16
Aztech sol,Tropicasa,60104609,T02: 10,0.0,"Nu york nite life, joeski & onionz",V,Z1046,Car CD 16
"Jerk house connection, dj boo presents",Mother blues,60104610,T02: 04,0.0,Buddha bar 8,V,Z1046,Car CD 16
"Rockit, dr",Cafe de flore (charles webster mix),60104613,T11,0.0,Hotel costes 4,V,Z1046,Car CD 16
Afro dub,Hidden id,60104701,T01: 11,0.0,"Buddha bar 2, spirit of, siddharta",V,Z1047,Car CD 17
Supervielle,Perfume,60104702,T02: 06,0.0,Buddha bar 7,V,Z1047,Car CD 17
Disco montego,Beautiful,60104704,T02: 02,0.0,"MOS chillout sessions 3, the",V,Z1047,Car CD 17
"Levin, georg & clara hill",I got somebody new,60104707,T02: 14,0.0,"Sonar kollektiv, 10 years, who cares",V,Z1047,Car CD 17
Aya,Sean,60104708,T02: 01,0.0,Beach house,V,Z1047,Car CD 17
Soul searcher,Feeling love,60104711,T03: 13,0.0,"Mix summer 2006, the",V,Z1047,Car CD 17
Unknown,It's never enough,60104712,T03,0.0,"Unknown, orange cd",V,Z1047,Car CD 17
Stonebridge,Pull em high (& therese),60104713,T01: 05,0.0,Hed kandi world series 3,V,Z1047,Car CD 17
Stonebridge,Clorophilla (& isabel frustuoso),60104714,T01: 08,0.0,Hed kandi world series 3,V,Z1047,Car CD 17
Dajae,Brighter days,60104715,T03: 14,0.0,"Mix summer 2006, the",V,Z1047,Car CD 17
"Bucketheads, the",Got myself together (ep),60104716,T03,0.0,"Bucketheads, the",Got myself together (ep),Z1047,Car CD 17
Friendly fires,Exlover,60104801,T10,1.0,Friendly fires,Friendly fires,Z1048,Car CD 18
Soul central & billie,In10city,60104802,T02: 02,1.0,Urban house,V,Z1048,Car CD 18
"Staple sisters, the",I'll take you there,60104803,T02: 16,0.0,"Stax, 50th anniversary celebration",V,Z1048,Car CD 18
Slowspeme,Granada,60104804,T06,0.0,Hotel costes 4,V,Z1048,Car CD 18
Roachford,River of love,60104805,T02: 10,0.0,Beach house,V,Z1048,Car CD 18
"Sinclair, bob",World hold on (& steve edwards),60104806,T01: 02,0.0,"Mix summer 2006, the",V,Z1048,Car CD 18
Love tattoo,History of disco pt 2,60104807,T01: 01,0.0,"Tong, pete, essential selection",V,Z1048,Car CD 18
"Head, larry & mr white","Sun can't compare, the",60104808,T02: 16,0.0,"Layo & bushwacka, global underground 33, rio",V,Z1048,Car CD 18
"Robertson, dave & jon gurd","Rendition, the",60104809,T02: 08,0.0,"Miami 2006, azuli presents",V,Z1048,Car CD 18
Massive attack,Safe from harm,60104810,T01,0.0,Massive attack,Blue lines,Z1048,Car CD 18
Bongoloverz & ursula cuesta,La esperanza,60104811,T02: 08,0.0,Buddha bar 8,V,Z1048,Car CD 18
Till west & dj delicious,Same man,60104812,T01: 06,0.0,"Fanciulli, nic, 2, renaissance presents",V,Z1048,Car CD 18
Unknown,I feel love,60104813,T02,0.0,"Unknown, orange cd",V,Z1048,Car CD 18
Soul boy,Harmonica track,60104814,T01: 25,0.0,"Layo & bushwacka, global underground 33, rio",V,Z1048,Car CD 18
"Enochson, markus",For you to see,60104815,T02: 08,0.0,"Sonar kollektiv, 10 years, who cares",V,Z1048,Car CD 18
Sandy b,Feel like singing,60104901,T01: 01,0.0,"Connected, 15 years of garage city",V,Z1049,Car CD 19
Colette,Didn't mean to turn you on,60104902,T01: 04,0.0,"Miami 2006, azuli presents",V,Z1049,Car CD 19
"James, david","Permanent state, a",60104903,T01: 10,0.0,"Faith 1, house classics past & present, terry farley & bill brewster",V,Z1049,Car CD 19
"Rush, donell",Symphony,60104905,T01: 02,0.0,"Connected, 15 years of garage city",V,Z1049,Car CD 19
Dj gregory,Attend 1,60104906,T02: 07,0.0,"Dj gregory, fayacombo sessions mixed by",V,Z1049,Car CD 19
Plantive,Luv me till it hurts,60104911,T01: 03,0.0,"Lust, jeoy negro, a personal collection by",V,Z1049,Car CD 19
"Hall, ron","Way you love me, the (& the muthafunkaz & marc evans)",60104912,T03: 07,0.0,"Connected, 15 years of garage city",V,Z1049,Car CD 19
Nova fronteira,Vox humana,60104913,T02: 05,0.0,"Lust, jeoy negro, a personal collection by",V,Z1049,Car CD 19
Dj gregory,Don't know,60105002,T02: 03,0.0,"Dj gregory, fayacombo sessions mixed by",V,Z1050,Car CD 20
Random soul,Key to soul,60105003,T09,0.0,"Resouled, jayj",V,Z1050,Car CD 20
40 thieves,Don't turn it off (& qzen),60105004,T02: 08,0.0,MOS chillout sessions 11,V,Z1050,Car CD 20
Wookie,Live on (& iain),60105005,T02: 13,0.0,"Connected, 15 years of garage city",V,Z1050,Car CD 20
Blaze,Lovely day,60105006,T12,0.0,Sounds of om 6,V,Z1050,Car CD 20
Datar,B,60105007,T02: 06,0.0,Miami underground,V,Z1050,Car CD 20
"Romero, harry choo choo",I go back (& robert owens),60105008,T03,0.0,"Romero, harry choo choo",That beat,Z1050,Car CD 20
"Michael, justin",Funky love (& jackie wilson),60105009,T03,0.0,"Resouled, jayj",V,Z1050,Car CD 20
Sis n jones,Jami (& isak),60105010,T02: 03,0.0,Buddha bar 12,V,Z1050,Car CD 20
Slow train soul,Naturally,60105011,T12,0.0,Rasamello 3,V,Z1050,Car CD 20
Iz,Magnificent (& diz),60105012,T01: 08,0.0,"Om 10, a decade of future music",V,Z1050,Car CD 20
Midnight juggernauts,Shadows,60105013,T01: 04,1.0,Midnight juggernauts,Dystopia,Z1050,Car CD 20
Filur,You & I,60105014,T01: 15,1.0,"Buddha bar 3, spirit of, siddharta",V,Z1050,Car CD 20
Friendly fires,Paris,60105101,T03,1.0,Friendly fires,Friendly fires,Z1051,Car CD 21
Quarion,I found you on facebook,60105102,T16,1.0,Hotel costes 14,V,Z1051,Car CD 21
"Vegas, timmy",Timmy's choir (& twinkie clark),60105103,T09,1.0,"Knuckles, frankie",Motivation too,Z1051,Car CD 21
"Daniels, mischa",Take me higher,60105104,T02: 03,1.0,Future music festival 2007,V,Z1051,Car CD 21
"Mitchell, vernessa","Took my life, turn it all around",60105105,T10,1.0,"Knuckles, frankie",Motivation too,Z1051,Car CD 21
"Layton, lindy",We got the love,60105106,T01: 06,1.0,"Humphries, tony, moments in house",V,Z1051,Car CD 21
Track n field,We was so close,60105107,T02: 03,1.0,Serve chilled 1,V,Z1051,Car CD 21
Moon & benk,Pimp my style,60105108,T02: 04,1.0,Serve chilled 1,V,Z1051,Car CD 21
"Wyatt, marques",For those who like to get down,60105109,T03: 09,1.0,"Om 10, a decade of future music",V,Z1051,Car CD 21
Sole fusion,We can make it,60105110,T10,1.0,Strictly rhythm 1,V,Z1051,Car CD 21
Groove committee,I need someone,60105111,T07,1.0,Best of rave 3,V,Z1051,Car CD 21
"Malone, debbie",Running from my love,60105112,T06,1.0,Pulsating rhythms 3,V,Z1051,Car CD 21
Cappella,Hely on habib,60105113,T03,1.0,Italia,V,Z1051,Car CD 21
Ground level,Dreams of heaven,60105114,T10,1.0,Pulsating rhythms 4,V,Z1051,Car CD 21
"Latin kings, the",I want to know,60105201,T13,0.0,Nervous ny,V,Z1052,Car CD 22
Kklass,What you're missing,60105202,T08,0.0,Kklass,Universal,Z1052,Car CD 22
Erire,I just can't give you up,60105203,T05,0.0,Pulsating rhythms 3,V,Z1052,Car CD 22
Analogical,Camille,60105204,T01: 03,0.0,Trance europe express 2,V,Z1052,Car CD 22
Roach motel,Happy bizzness,60105205,T02: 05,0.0,House of handbag,V,Z1052,Car CD 22
Jam & spoon,Right in the night,60105206,T08,0.0,Jam & spoon,Tripomatic fairytales 2001,Z1052,Car CD 22
Love happy,Message of love,60105207,T01: 15,0.0,MOS 4,V,Z1052,Car CD 22
Morel's grooves,Everybody sing along,60105208,T07,0.0,Strictly rhythm 5,V,Z1052,Car CD 22
Hardrive,Deep inside,60105209,T01,0.0,Strictly rhythm 2,V,Z1052,Car CD 22
Agora,Montayo,60105210,T06,0.0,MOS 3,V,Z1052,Car CD 22
Voices,Voices in your mind,60105211,T10,0.0,MOS 3,V,Z1052,Car CD 22
Deep dish,"Dream, the (sharam)",60105212,T06,0.0,Can your pussy do the dog,V,Z1052,Car CD 22
Jam & spoon,Odyssey to anyoona,60105213,T02,0.0,Jam & spoon,Tripomatic fairytales 2001 ,Z1052,Car CD 22
"Washington, joey",Watching you,60105301,T03,0.0,Strictly rhythm 2,V,Z1053,Car CD 23
"New dance republic, the",Take it to the top,60105302,T07,0.0,MOS 1,V,Z1053,Car CD 23
Coldcut,Leaving home,60105303,T05,0.0,Coldcut,Philosophy,Z1053,Car CD 23
Dj pierre,Fall,60105304,T10,0.0,Strictly rhythm 3,V,Z1053,Car CD 23
Black magic,Freedom,60105305,T03,0.0,Strictly rhythm 5,V,Z1053,Car CD 23
"Knuckles, frankie",Tears,60105306,T06,0.0,Ffrr silver on black,V,Z1053,Car CD 23
Gypsy,Funk de fino,60105307,T01,0.0,House of limbo 2,V,Z1053,Car CD 23
Loop 7,"Theme, the",60105308,T01,0.0,Strictly rhythm 4,V,Z1053,Car CD 23
"Fleming, rochelle",Suffer the consequences,60105309,T02: 08,0.0,MOS 5,V,Z1053,Car CD 23
Electribe 101,Diamond dove,60105311,T05,0.0,Electribe 101,Electribal memories,Z1053,Car CD 23
"English, kim",Nite life,60105312,T08,0.0,MOS 3,V,Z1053,Car CD 23
Eternal,Mind odyssey,60105313,T08,0.0,Tequila slammers & the jump jump groove generation,V,Z1053,Car CD 23
"B, sheila",Spacer,60105401,T17,0.0,Disco inferno,V,Z1054,Car CD 24
Klf,3am eternal / Church of the klf,60105402,"T03,04",0.0,Klf,White room,Z1054,Car CD 24
"Cheatham, oliver",Get down saturday night,60105403,T02: 05,0.0,Grand 12 inches 1,V,Z1054,Car CD 24
1 way,You can do it (& al hudson),60105404,T04: 03,0.0,Grand 12 inches 3,V,Z1054,Car CD 24
El debarge,You wear it well (& debarge),60105405,T08: 17,0.0,"Motown number ones box, the complete",V,Z1054,Car CD 24
"Jiani, carol",Hit n run lover,60105406,T03: 03,0.0,Grand 12 inches 1,V,Z1054,Car CD 24
"Buzzard's, dr, original savannah band","Cherchez la femme, se si bon",60105407,T06,0.0,"Buzzard's, dr, original savannah band","Cherchez la femme, the very best of dr buzzard's original savannah band",Z1054,Car CD 24
"Holloway, loleatta",Strong enough,60105408,T01,0.0,Strong enough,V,Z1054,Car CD 24
Daphne,Change,60105409,T01: 01,0.0,Housetrained,V,Z1054,Car CD 24
Friendly fires,Chimes,60105411,T10,0.0,Friendly fires,Pala,Z1054,Car CD 24
Tatjana,Santa maria,60105501,T08,1.0,Central energy 2,V,Z1055,Car CD 25
Club 69,Always unique,60105502,T02,1.0,Twisted world,V,Z1055,Car CD 25
"Calliari, marco",We no speak no americano (montreal house mafia mix),60105503,T01: 19,1.0,"MOS annual 2011, the",V,Z1055,Car CD 25
Masters at work,Work (dj gregory soma work the walk mix),60105504,T05,1.0,Rasa exotica 2,V,Z1055,Car CD 25
Ground level,Pray,60105505,T03,1.0,Ground level,New moon,Z1055,Car CD 25
51 days,Paper moon,60105506,T01: 16 (& 05-35 on trk 15),1.0,"Renaissance, mix collection, the, mandy",V,Z1055,Car CD 25
Nu yorican soul,"Nervous track, the",60105507,T09,1.0,MOS 2,V,Z1055,Car CD 25
Underground distortion,Give ya funk,60105508,T14,1.0,Speed garage classics,V,Z1055,Car CD 25
Friendly fires,Blue cassette,60105509,T02,1.0,Friendly fires,Pala,Z1055,Car CD 25
Captain hollywood project,More & more,60105510,T06,1.0,Pulsating rhythms 5,V,Z1055,Car CD 25
49er's,Shadow remix,60105511,T07,1.0,49er's,49er's,Z1055,Car CD 25
Snap,"Power, the",60105512,T01,1.0,Snap,World power,Z1055,Car CD 25
Nu yorican soul,It's alright I feel it,60105513,T02: 02,1.0,MOS 8,V,Z1055,Car CD 25
Moonrock,Ill street blues,60105514,T13,1.0,Cafe del mar 6 (seis),V,Z1055,Car CD 25
"Hick, hinda",Trully,60105515,T01: 12,1.0,Kiss smooth grooves summer 99,V,Z1055,Car CD 25
"Campbell, john",Nice & slow,60105601,T01: 10,0.0,MOS 8,V,Z1056,Car CD 26
"Bristol, brian",Bet I get you hot,60105602,T02: 11,0.0,MOS 8,V,Z1056,Car CD 26
Corona,You gotta be movin,60105603,T13,0.0,Corona,"Rhythm of the night, the",Z1056,Car CD 26
Celeda & the heavy hitters,Messin with my mind,60105604,T08,0.0,Twisted world,V,Z1056,Car CD 26
Serial diva,Keep hope alive,60105605,T02: 12,0.0,MOS 7,V,Z1056,Car CD 26
"Austin, patti",Reach,60105606,T01: 01,0.0,"Racic, robert",V,Z1056,Car CD 26
Boom,Keep pushin (boris dlugosch presents),60105607,T02: 01,0.0,Dancenet 2,V,Z1056,Car CD 26
"Bell, norma jean",I'm the baddest bitch,60105608,T06,0.0,Garage divas,V,Z1056,Car CD 26
"Knuckles, frankie",Welcome to the real world,60105609,T02,0.0,"Knuckles, frankie",Welcome to the real world (& adeva),Z1056,Car CD 26
Secret life,I want you,60105610,T15,0.0,"Pulsating hits, the best of pulse8 1990 to 1995",V,Z1056,Car CD 26
"Waters, crystal",Who taught you how,60105611,T09,0.0,"Underground frequencies 2, tuff jam presents",V,Z1056,Car CD 26
Friendly fires,True love,60105612,T08,0.0,Friendly fires,Pala,Z1056,Car CD 26
Faze action,Samba,60105613,T02,0.0,"Allkins, stephen, dj superstar",V,Z1056,Car CD 26
Neon heights,16 again,60105614,T04,0.0,"Summer breeze, glasgow underground presents, kevin mckay",V,Z1056,Car CD 26
Neville brothers,With god on our side,60105702,T06,0.0,Neville brothers,Yellow moon,ZZ1057,Best of ambient 1
Baraka,Soundtrack,60105703,T01,0.0,Baraka soundtrack,V,ZZ1057,Best of ambient 1
"Hazel, paul",Gene pool,60105704,T02: 02,0.0,Chillout or die 2,V,ZZ1057,Best of ambient 1
Nightmares on wax,Dread overboard,60105705,T02,0.0,Nightmares on wax,Smoker's delight,ZZ1057,Best of ambient 1
Dj krush,Big city lover,60105706,T11,0.0,Dj krush,Krush,ZZ1057,Best of ambient 1
Massive attack,3,60105707,T03,0.0,Massive attack,Protection,ZZ1057,Best of ambient 1
Trance groove,Paris,60105708,T04,0.0,Voodoo roux,V,ZZ1057,Best of ambient 1
Global communications,0.402083333,60105710,T01: 04,0.0,Global communications,3.176388889,ZZ1057,Best of ambient 1
"Srinivas, u",Dream,60105712,T04,0.0,"Srinivas, u",Dream (& michael brook),ZZ1057,Best of ambient 1
Shy fx,Original gangster (& gunsmoke),60105802,T07,0.0,Law of the jungle,V,ZZ1058,Best of dnc 1
Rhythm invention,Tokyo,60105803,T02,0.0,Warp sampler 94,V,ZZ1058,Best of dnc 1
C & c music factory,Hiphop express,60105804,T13,0.0,C & c music factory,Anything goes,ZZ1058,Best of dnc 1
Rocco / Trick,Roots 4 acid / Easy (& kubic & valeska),60105805,"T09,10",0.0,"Transitions 1, john digweed",V,ZZ1058,Best of dnc 1
Malaria,You you (& sun electric),60105806,T04,0.0,Malaria,Delirium remixed,ZZ1058,Best of dnc 1
"Tucker, barbara","I get lifted (boyd slam the organ mix, dj mix)",60105807,T02: 05,0.0,MOS 4,V,ZZ1058,Best of dnc 1
"Beltram, joey",Orion,60105808,T09,0.0,Warp sampler 94,V,ZZ1058,Best of dnc 1
Headman,Work my mind,60105809,T11,0.0,Adrenalin 6,V,ZZ1058,Best of dnc 1
"Xmix 2, trk 1",Unknown,60105810,T01 (1 of 4 18.30 - 29.0),0.0,Xmix 2,V,ZZ1058,Best of dnc 1
C & c music factory,Silent lover,60105902,T10,0.0,C & c music factory,World beat madness,ZZ1059,Best of dnc 2
"Namlook, pete",Darkside of the moog 3 pt 5 (& klaus schutze),60105903,T02: 06,0.0,"Essential mix show, mixed by snap",V,ZZ1059,Best of dnc 2
Shakespears sister,Black sky,60105904,T09,0.0,MOS 1,V,ZZ1059,Best of dnc 2
Castle trancealot,Indoctrinate,60105907,T02: 05 (-3.15 – 0. Trk 06- 0 - -4.20),0.0,Hardware 3,V,ZZ1059,Best of dnc 2
Paradise 3001,Sunspots,60105910,T05,0.0,Galaxie 1,V,ZZ1059,Best of dnc 2
Compassion family,Steady wisdom,60105911,T02: 02,0.0,Trancecentral 5,V,ZZ1059,Best of dnc 2
Transa,Transtar,60105912,T02: 02,0.0,Reactivate 15,V,ZZ1059,Best of dnc 2
Funkygreendogs,Body,60106001,T01,0.0,Funkygreendogs,Star,Z1060,Car CD 27
"Ingram, james",Lean on me,60106002,T01: 09,0.0,MOS sessions 12,V,Z1060,Car CD 27
3olours,Sonice (& cannus),60106003,T01: 12,0.0,"Sanchez, roger, release, yourself 4",V,Z1060,Car CD 27
"Womack, bobby",I still love you,60106004,T03,0.0,"Womack, bobby","Last soul man, the",Z1060,Car CD 27
Lucenzo,Danza kuduro (& feat don omar),60106005,T03: 06,0.0,MOS annual 2012,V,Z1060,Car CD 27
Jamestown,I believe,60106006,T02: 06,0.0,Street fm 1,V,Z1060,Car CD 27
Mysterious people,Fly,60106007,T01: 14,0.0,MOS sessions 12,V,Z1060,Car CD 27
"Gaines, rosie",Closer than close (tuff jams unda vybe mix),60106008,T01: 01,0.0,"Speed garage, this is",V,Z1060,Car CD 27
C & m productions,"Vision, the",60106009,T11,0.0,Singapore tribal,V,Z1060,Car CD 27
Deep south,Lemon puff,60106010,T01: 12,0.0,"MOS late night sessions 2, xpress2",V,Z1060,Car CD 27
"Stelar, parov",Kiss me twice,60106011,T08,0.0,Hotel costes 9,V,Z1060,Car CD 27
Blank & jones,Where you belong (poolside house mix),60106012,T10,0.0,"Buddha bar 5, spirit of, siddharta budapest",V,Z1060,Car CD 27
Badmarsh & shri,Day by day (axus rerub),60106013,T02: 04,0.0,Real ibiza 5,V,Z1060,Car CD 27
Nemo,Darkest day,60106014,T01: 03,0.0,Real ibiza 5,V,Z1060,Car CD 27
Dubtribe sound system,Do it now (ibizarre mix),60106015,T01: 10,0.0,Real ibiza 5,V,Z1060,Car CD 27
"Jacksons, the",Walk right now,60106101,T02: 09,0.0,Grand 12 inches 4,V,Z1061,Car CD 28
"Limit, the",Say yeah,60106102,T02: 10,0.0,Grand 12 inches 2,V,Z1061,Car CD 28
Sister sledge,He's the greatest dancer (extended),60106103,T01: 08,0.0,Grand 12 inches 4,V,Z1061,Car CD 28
Haywoode,Getting closer,60106104,T02: 09,0.0,Dance classics 21 & 22,V,Z1061,Car CD 28
"Mazelle, kym",Was that all it was (def mix),60106105,T02,0.0,"Mazelle, kym",Was that all it was (single),Z1061,Car CD 28
"Fingers, mr",What about this love (6:37),60106106,T10,0.0,"Fingers, mr",Introduction,Z1061,Car CD 28
Nuance,Loveride,60106107,T01: 08,0.0,Dance classics 21 & 22,V,Z1061,Car CD 28
Colonel abrams,How soon we forget,60106108,T02: 02,0.0,Dance classics 21 & 22,V,Z1061,Car CD 28
Manhattan transfer,Twilight zoner,60106109,T03: 08,0.0,Grand 12 inches 2,V,Z1061,Car CD 28
Suba,Felicidada,60106201,T06,0.0,"Funky lowlives, the, ascension presents",V,ZZZ1062,"Car CD 29, chilled dance"
"Pooley, ian",Sundowner,60106202,T11,0.0,"Pooley, ian",Since then,ZZZ1062,"Car CD 29, chilled dance"
Coco steel & lovebomb,Disco dub,60106203,T03,0.0,Coco steel & lovebomb,It,ZZZ1062,"Car CD 29, chilled dance"
Jaffa,Elevator,60106204,T02: 02,0.0,Deeper,V,ZZZ1062,"Car CD 29, chilled dance"
"Scruff, mr",Get a move on,60106205,T01: 01,0.0,"Big chill 1, the",V,ZZZ1062,"Car CD 29, chilled dance"
Gentle people,Travel bug (kaminsky experience remix),60106206,T05,0.0,Gentle people,Mix gently,ZZZ1062,"Car CD 29, chilled dance"
Niko,Womb,60106207,T15,0.0,Hotel costes 9,V,ZZZ1062,"Car CD 29, chilled dance"
"Moses, teedra",Caught up,60106208,T12,0.0,"Moses, teedra",Complex simplicity,ZZZ1062,"Car CD 29, chilled dance"
"Rah band, the",Clouds across the moon,60106209,T02: 03,0.0,Grand 12 inches 5,V,ZZZ1062,"Car CD 29, chilled dance"
Ybu,Soul magic 98 (& rae & christian),60106210,T02: 04,0.0,Freezone 5,V,ZZZ1062,"Car CD 29, chilled dance"
Revtone,"Brightest thing, the (& justin robertson presents)",60106211,T06,0.0,Nuphonic 04,V,ZZZ1062,"Car CD 29, chilled dance"
Schmoov,Taking me over,60106212,T02: 10,0.0,Serve chilled 2007,V,ZZZ1062,"Car CD 29, chilled dance"
Dudja,Never tell what you think,60106301,T01: 10,1.0,Trancemaster 23,V,ZZ1063,Best of dnc 3
Little green men / Blackwatch,Need / Gentle rain (& greed),60106302,"T02: 07,08 (2-5 1:50 - 2-8 1:20)",0.0,Balance 003,V,ZZ1063,Best of dnc 3
Elbee bad,Just don't stop the dance,60106304,T01: 23,0.0,Get physical 7th anniversary by mandy,V,ZZ1063,Best of dnc 3
Dusk n prayd / Elektrochemie lk,Playing with fire / Lay here,60106305,"T02: 05,06",0.0,Balance 011,V,ZZ1063,Best of dnc 3
Stereo brains,Luna,60106306,T03: 18 (& a bit of 17),0.0,Balance 013,V,ZZ1063,Best of dnc 3
Balance 014,T02: 11,60106307,T02: 11,0.0,Balance 014,V,ZZ1063,Best of dnc 3
Magnetic man,"Bug, the",60106309,T01: 05,0.0,Magnetic man,Magnetic man,ZZ1063,Best of dnc 3
Mia,Paper planes,60106401,T01: 16,0.0,"Hottest 100 15, 2jjj's",V,ZZ1064,Best of dnc 4
Yeah yeah yeahs,Buried alive (& dr octagon),60106402,T08,0.0,Yeah yeah yeahs,Mosquito,ZZ1064,Best of dnc 4
Royksopp,This must be it (apparat mix),60106403,T12,0.0,"Watergate 05, ellen alien",V,ZZ1064,Best of dnc 4
Pet shop girls,West end girls (extended),60106404,T03: 01,0.0,Grand 12 inches 4,V,ZZ1064,Best of dnc 4
Wire,Ahead,60106405,T02,0.0,Wire,"Ideal copy, the",ZZ1064,Best of dnc 4
Magnum,Rocking chair,60106406,T01: 11,0.0,"Rock collection, the, rock inferno",V,ZZ1064,Best of dnc 4
Arcade fire,Reflektor,60106407,T01: 01,0.0,Arcade fire,Reflektor,ZZ1064,Best of dnc 4
"The, the",Sweet bird of truth,60106408,T05,0.0,"The, the",Infected,ZZ1064,Best of dnc 4
"Winner, jean",Alive & kicking (zimmer remix),60106409,T03: 10,0.0,"Eskimonde, a decade of eskimo recording",V,ZZ1064,Best of dnc 4
Banco de gaia,Kincajou,60106410,T01: 05,0.0,Banco de gaia,Last train to lhasa,ZZ1064,Best of dnc 4
"The, the",Infected,60106501,T01,0.0,"The, the",Infected,ZZ1065,Best of dnc 5
Jam & spoon,Follow me (extended),60106502,T04: 10,0.0,Grand 12 inches 4,V,ZZ1065,Best of dnc 5
Act,Under the nights of germany,60106503,T07,0.0,Act,"Laughter, tears & rage",ZZ1065,Best of dnc 5
Yazz,"Only way is up, the (wip remix)",60106504,T19,0.0,Yazz,At her very best & all the greatest hits,ZZ1065,Best of dnc 5
Break machine,Street dance,60106505,T02: 09,0.0,12” 80s electropop,V,ZZ1065,Best of dnc 5
Shakatak,Down on the street (6:37),60106506,T01: 01,0.0,Dance classics 51 & 52,V,ZZ1065,Best of dnc 5
Propaganda,Loved,60106507,T06,0.0,Propaganda,Wishful thinking,ZZ1065,Best of dnc 5
"The, the",Slow train to dawn,60106508,T06,0.0,"The, the",Infected,ZZ1065,Best of dnc 5
"Soul searchers, the",Family affair (& chuck brown) / Take the gogo train (& chuck brown),60106509,"T09,10",0.0,"Soul searchers, the",Go go swing live (& chuck brown),ZZ1065,Best of dnc 5
Seduction,Heartbeat (c & c club mix),60106510,T02,0.0,Seduction,Heartbeat (single),ZZ1065,Best of dnc 5
Kool rock jay & the dj slice,It's a black thing (extended mix),60106511,T15,0.0,West 25th classics 1,V,ZZ1065,Best of dnc 5
Empire of the sun,We are the people,60106601,T04,0.0,Empire of the sun,Walking on a dream,ZZZ1066,Best of ambient 2
Prefab sprout,"Ice maiden, the",60106602,T02: 15,0.0,Prefab sprout,"Kings of rock & roll, the best of prefab sprout",ZZZ1066,Best of ambient 2
"Heywood, nick & haircut 100",Love plus 1,60106603,T01: 02,0.0,"Heywood, nick & haircut 100","Favourite songs, the best of",ZZZ1066,Best of ambient 2
"Hall, daryl & john oates",She's gone,60106604,T01: 01,0.0,"Hall, daryl & john oates","Essential daryl hall & john oates, the",ZZZ1066,Best of ambient 2
"Ferry, bryan & roxy music",Slave to love (remix),60106605,T05,0.0,"Ferry, bryan & roxy music","Right mixes, the",ZZZ1066,Best of ambient 2
"Sundays, the",Here's where the story ends,60106606,T02,0.0,"Sundays, the",Reading writing & arithmetic,ZZZ1066,Best of ambient 2
House of love,Beatles & the stones,60106607,T03,0.0,House of love,House of love (1990),ZZZ1066,Best of ambient 2
Hall & oates,I can't go for that (extended),60106608,T01: 03,0.0,Grand 12 inches 6,V,ZZZ1066,Best of ambient 2
"Cars, the",Drive,60106609,T02,0.0,"Drivetime classic hits, daily mail",V,ZZZ1066,Best of ambient 2
"Jackson, michael",Remember the time (new jack jazz mix 21),60106610,T08,0.0,"Jackson, michael",In the closet (maxi single cd),ZZZ1066,Best of ambient 2
Vampire weekend,Step,60106611,T03,0.0,Vampire weekend,Modern vampires of the city,ZZZ1066,Best of ambient 2
"Bonnet, graham",Warm ride,60106612,T02: 11,0.0,"Rock collection, the, rock inferno",V,ZZZ1066,Best of ambient 2
"Hall, daryl & john oates",Do it for love,60106613,T02: 17,0.0,"Hall, daryl & john oates","Essential daryl hall & john oates, the",ZZZ1066,Best of ambient 2
Prince,Purple rain,60106614,T18,0.0,Prince,"Hits 2, the",ZZZ1066,Best of ambient 2
Biosphere,Startoucher (dub mix),60106701,T02: 04,0.0,Chillout basscapes,V,ZZ1067,Best of ambient 3
Burial,Untrue,60106702,T08,0.0,Burial,Untrue,ZZ1067,Best of ambient 3
"Roach, steve",Nightshade (& robert rich),60106703,T02,0.0,"Roach, steve",Soma (& robert rich),ZZ1067,Best of ambient 3
He said,Pump,60106704,T01,0.0,He said,Hail,ZZ1067,Best of ambient 3
Kode9,Ghost town (& the spaceape),60106705,T02: 07,0.0,"Hyperdub, 5 years of",V,ZZ1067,Best of ambient 3
Banco de gaia,Drippy,60106706,T01,0.0,Banco de gaia,Big men cry,ZZ1067,Best of ambient 3
Jagwar ma,Did you have to,60106707,T01: 10,0.0,Jagwar ma,Howlin,ZZ1067,Best of ambient 3
He said,Do you mean that,60106708,T08,0.0,He said,Hail,ZZ1067,Best of ambient 3
Burial,Prayer,60106709,T11,0.0,Burial,Burial,ZZ1067,Best of ambient 3
"Linder, krister",I love you,60106802,T05,0.0,"Linder, krister",Songs from the silent years,ZZ1068,Best of ambient 4
Jefferson,Feeling the sun (& sarahjane),60106803,T02: 09,0.0,Eco zen,V,ZZ1068,Best of ambient 4
Sound,Emerald,60106804,T02: 06,0.0,"Big chill 1, the",V,ZZ1068,Best of ambient 4
Future sound of london,"Lovers, the",60106805,T01,0.0,Future sound of london,"Isness, the",ZZ1068,Best of ambient 4
"Gentle people, the",Journey,60106806,T02,0.0,Future sound of jazz 2,V,ZZ1068,Best of ambient 4
Polished chrome,Outside,60106807,T12,0.0,"Calm ibiza, pure ibiza chillout",V,ZZ1068,Best of ambient 4
Cdm,Many rivers to cross,60106809,T09,0.0,Cafe del mar 9 (nueve),V,ZZ1068,Best of ambient 4
Fenomenon,Pacific memories,60106810,T02: 07,0.0,Serve chilled 59,V,ZZ1068,Best of ambient 4
"Roach, archie",Small child,60106811,T15,0.0,"Roach, archie","Definitive collection, the",ZZ1068,Best of ambient 4
Audio active,Free the majiuana (new mix),60106812,T07,0.0,Audio active,We are experienced,ZZ1068,Best of ambient 4
Friendly fires,Offline,60131801,T04,1.0,Friendly fires,Inflorescent,ZZZ1318,Superchilled 01
Sleep d,Banksia,60131802,T03,1.0,Sleep d,From 50 (& albrecht labrooy) (single),ZZZ1318,Superchilled 01
Soul avenue,Stuck in a dream,60131803,T01,0.0,"Super session chilloutmaster1 2.27, demo",V,ZZZ1318,Superchilled 01
"Middleton, tom",Astral projection,60131804,T11,0.0,"Middleton, tom",Lifetracks,ZZZ1318,Superchilled 01
Saint morgan,You,60131805,T01,1.0,Saint morgan,You (single),ZZZ1318,Superchilled 01
Mascara,Baja (dj steef mix),60131806,T01,1.0,Mascara,Baja (dj steef mix) (single),ZZZ1318,Superchilled 01
Kucka,Real,60131807,T01,1.0,Kucka,Real (single),ZZZ1318,Superchilled 01
Loft soul,Dear friend (dj spinna mix) (& feat lisa millet),60131808,T01,1.0,Loft soul,Dear friend (dj spinna mix) (& feat lisa millet),ZZZ1318,Superchilled 01
Coldcut,Return to margin (afterlife mix),60131809,T05,0.0,Afterlife,"Afterlife lounge, the",ZZZ1318,Superchilled 01
Software,Present voice,60131810,T02: 13,0.0,Balance 023,V,ZZZ1318,Superchilled 01
Flunk,Sugar planet,60131811,T08,0.0,"Sylt, finest lounge music no 1",V,ZZZ1318,Superchilled 01
Vibrasphere,Tierra azul (omnimotion mix featuring krister linder),60131812,T01: 06,0.0,Eco zen 2,V,ZZZ1318,Superchilled 01
Skee mask,Flyby vfr,60131813,T09,1.0,Skee mask,Compro,ZZZ1318,Superchilled 01
Skee mask,Vli,60131814,T08,1.0,Skee mask,Compro,ZZZ1318,Superchilled 01
"Anderson, jamie",Without sound (& iwain k),60131903,T01: 07 (trk 60111409 13:00 - end),0.0,Balance 018,V,ZZ1319,Supermodifed dance 06
"Okev, roy & hakimonu",Changes,60131904,T02: 02 (trk 60113604 4:20 - 10:00),0.0,Balance 026,V,ZZ1319,Supermodifed dance 06
Ripperton,Searchin 4 you,60131905,T08 (trk 60110905 1:10 - 4:10),0.0,"Fabric 76, deetron",V,ZZ1319,Supermodifed dance 06
"Yellowhead, the",Red light district,60131906,T01: 04 (trk 60111002 10:58 - end),0.0,Balance 022,V,ZZ1319,Supermodifed dance 06
Cid inc,Fragile circle,60131907,T02: 07,0.0,Balance 026,V,ZZ1319,Supermodifed dance 06
Tiesto,Bright morningstar (andy dugoid mix),60131908,T02: 07,0.0,Tiesto,"Elements of life, special edition",ZZ1319,Supermodifed dance 06
Spirit catcher,Sedona,60131909,T01: 18 (trk 60111205 0 - 4:53),0.0,Balance 022,V,ZZ1319,Supermodifed dance 06
"Kieran, phil",Prism,60131910,T02: 20,0.0,Balance 022,V,ZZ1319,Supermodifed dance 06
"Barfod, tomas",Till we die (& ft nina kinert),60131911,T02: 15,0.0,Darkbeat 10th anniversary,V,ZZ1319,Supermodifed dance 06
"Cattaneo, hernan",Imaginarium (& guy mantzur),60131912,T02: 14 (trk 60112105 12:40 - 18:50),0.0,Balance 026,V,ZZ1319,Supermodifed dance 06
Jdnmgj,Trezzz,60131913,T02: 15,0.0,"Digweed, john, live in cordoba",V,ZZ1319,Supermodifed dance 06
"Cattaneo, hernan / Damabiah",Lunar (& soundexile) / Irminsul le pilier du monde,60131914,"T01: 16,17",,Balance 026,V,ZZ1319,Supermodifed dance 06
Comatrixx,Sunrise cafe (original),60132001,T09,0.0,"Style, winter lounge",V,ZZZ1320,"Superchilled 02. 2 of 2 (1318 is 1 of 2), best of chilled from set 10 review & a few more from future sets"
Afterlife,"Feeling, a",60132003,T02,0.0,Afterlife,Electrosensitive,ZZZ1320,"Superchilled 02. 2 of 2 (1318 is 1 of 2), best of chilled from set 10 review & a few more from future sets"
Stargazer,Eastend,60132004,T13,0.0,"Jetset, exclusive winter chill",V,ZZZ1320,"Superchilled 02. 2 of 2 (1318 is 1 of 2), best of chilled from set 10 review & a few more from future sets"
"Blanc, le, chris & liz june",Enjoy your life,60132005,T01: 11,0.0,Cafe del mar 12 (doce),V,ZZZ1320,"Superchilled 02. 2 of 2 (1318 is 1 of 2), best of chilled from set 10 review & a few more from future sets"
"Cummings, stephen",Come on come on,60132006,T10,0.0,"Cummings, stephen","New kind of blue, a",ZZZ1320,"Superchilled 02. 2 of 2 (1318 is 1 of 2), best of chilled from set 10 review & a few more from future sets"
"Pompougnac, stephane",1 by 1,60132007,T12 (trk 60110001 11 cut),0.0,Hotel costes 15 (last in series),V,ZZZ1320,"Superchilled 02. 2 of 2 (1318 is 1 of 2), best of chilled from set 10 review & a few more from future sets"
Ott,"Queen of all everything, the",60132008,T02: 10,0.0,Eco zen 2,V,ZZZ1320,"Superchilled 02. 2 of 2 (1318 is 1 of 2), best of chilled from set 10 review & a few more from future sets"
Triangle sun,Beautiful,60132009,T01: 12,0.0,Cafe del mar 13 (trece),V,ZZZ1320,"Superchilled 02. 2 of 2 (1318 is 1 of 2), best of chilled from set 10 review & a few more from future sets"
Little axe,Going down slow,60132010,T01: 06,0.0,Little axe,Slow fuse,ZZZ1320,"Superchilled 02. 2 of 2 (1318 is 1 of 2), best of chilled from set 10 review & a few more from future sets"
Stargazer,Westend,60132011,T15,0.0,"Style, winter lounge",V,ZZZ1320,"Superchilled 02. 2 of 2 (1318 is 1 of 2), best of chilled from set 10 review & a few more from future sets"
"Goze, christophe","Traveller, the",60132012,T06,0.0,"Goze, christophe",Sirocco,ZZZ1320,"Superchilled 02. 2 of 2 (1318 is 1 of 2), best of chilled from set 10 review & a few more from future sets"
Tosca,Suzuki,60132013,T02: 08 (34:35 to 40:25),0.0,"Coco, chris",Solar spectrums 2,ZZZ1320,"Superchilled 02. 2 of 2 (1318 is 1 of 2), best of chilled from set 10 review & a few more from future sets"
Lorde,Royals,60132014,T03,0.0,Lorde,Pure heroine,ZZZ1320,"Superchilled 02. 2 of 2 (1318 is 1 of 2), best of chilled from set 10 review & a few more from future sets"
Cheryl lynn,Got to be real,60132101,T04:11,1.0,Grand 12 inches 10,V,Z1321,"Car CD 30. Best of commercial & house from set 10,11,12"
Shalamar,Take that to the bank,60132102,T02: 05 (60144807),0.0,Dance classics 3&4,V,Z1321,"Car CD 30. Best of commercial & house from set 10,11,12"
"Jacksons, the",Can you feel it,60132103,T01: 04 (60121007),0.0,"Nights in heaven, the party anthems",V,Z1321,"Car CD 30. Best of commercial & house from set 10,11,12"
Firefly,Love is gonna be on your side,60132104,T03: 09 (60121306),0.0,Grand 12 inches 9,V,Z1321,"Car CD 30. Best of commercial & house from set 10,11,12"
Pointer sisters,Automatic,60132105,T02: 02 (60121707),0.0,12 inch 80s grooves,V,Z1321,"Car CD 30. Best of commercial & house from set 10,11,12"
"Howard, austin",I'm the one who really loves you (remix),60132106,T07 (60121713),0.0,"Hit factory featuring stock aitken waterman, the",V,Z1321,"Car CD 30. Best of commercial & house from set 10,11,12"
Nu rhythmix,Babylon into a groove (alex romano rework mix),60132107,T02 (vinyl),0.0,Nu rhythmix,Babylon into a groove,Z1321,"Car CD 30. Best of commercial & house from set 10,11,12"
"Lites, shirley","Heat you up, melt you down",60132108,T01: 08 (60111204),0.0,Grand 12 inches 8,V,Z1321,"Car CD 30. Best of commercial & house from set 10,11,12"
"Ford, penny",Dangerous,60132109,T01: 05 (60111406),0.0,Dance classics 53 & 54,V,Z1321,"Car CD 30. Best of commercial & house from set 10,11,12"
"Smith, frankie",Double dutch bus,60132110,T04: 09 (60111501),0.0,Grand 12 inches 8,V,Z1321,"Car CD 30. Best of commercial & house from set 10,11,12"
Loose ends,"Hangin on a string, contemplating",60132111,T02: 04 (60111804),0.0,Grand 12 inches 8,V,Z1321,"Car CD 30. Best of commercial & house from set 10,11,12"
Shakatak,"Maniac & sister cool, mr",60132112,T03: 05 (60112513),0.0,Grand 12 inches 7,V,Z1321,"Car CD 30. Best of commercial & house from set 10,11,12"
Ry x,Body sun (claptone mix),60132201,T01,1.0,Ry x,Body sun (claptone mix) (single),ZZ1322,Best of dnc 06
Scott grooves,Expansions (& roy ayers) (joe clausell simplamental mix),60132202,T01,1.0,Scott grooves,Expansions (& roy ayers) (joe clausell simplamental mix),ZZ1322,Best of dnc 06
Vintage culture & woo2tech,Fitc,60132203,T03,1.0,Vintage culture & woo2tech,Sometimes (single),ZZ1322,Best of dnc 06
Claptone,Wildside (sidney charles mix),60132204,T02,1.0,Claptone,Fantast remixes pt 5 (ep),ZZ1322,Best of dnc 06
"Letyago, anfisa",So good (original mix),60132205,T01,1.0,"Letyago, anfisa",So good (single),ZZ1322,Best of dnc 06
Malandra jr,Magnetik,60132206,T01,1.0,Malandra jr,Magnetik (ep),ZZ1322,Best of dnc 06
Secondcity,All these things that pt 4,60132207,T01,1.0,Secondcity,All these things that pt 4 (single),ZZ1322,Best of dnc 06
Sleep d,Magic arpet ride,60132208,T01,1.0,Butter sessions vol 2 (single),V,ZZ1322,Best of dnc 06
Dan white,"Hammer, the (think mix)",60132209,T01,1.0,Dan white,Off bluff (single),ZZ1322,Best of dnc 06
"Simmonds, chris",I changed my mind,60132210,T01,1.0,"Simmonds, chris",I changed my mind (single),ZZ1322,Best of dnc 06
Sleep d,Bush snake,60132301,T01,1.0,Sleep d,"Jackal pt 2, the (single)",ZZ1323,Best of dnc 07. End of set of best of set 10 & a few more from future singles purchases etc.
Alex dolby,"Raw road, carlo lio mix (& santos) (single)",60132302,T01,1.0,Alex dolby,"Raw road, carlo lio mix (& santos) (single)",ZZ1323,Best of dnc 07. End of set of best of set 10 & a few more from future singles purchases etc.
Paneoh,Punto des control (take 2),60132303,T03: 04,0.0,"Digweed, john, live in cordoba",V,ZZ1323,Best of dnc 07. End of set of best of set 10 & a few more from future singles purchases etc.
"Nelson, bill",Acceleration (dub),60132304,T09,0.0,"Nelson, bill",Chimera,ZZ1323,Best of dnc 07. End of set of best of set 10 & a few more from future singles purchases etc.
"Huntemann, oliver",Schatten,60132305,T02: 02,0.0,"Global underground 40, solomun",V,ZZ1323,Best of dnc 07. End of set of best of set 10 & a few more from future singles purchases etc.
Paneoh,Punto des control,60132306,T01: 10 (trk 60112401 1:10 - 4:51),0.0,"Digweed, john, live in cordoba",V,ZZ1323,Best of dnc 07. End of set of best of set 10 & a few more from future singles purchases etc.
2 fingers,Fools rhythm,60132307,T01: 01,0.0,Ninja tune xx 1,V,ZZ1323,Best of dnc 07. End of set of best of set 10 & a few more from future singles purchases etc.
Pherox & ft lee curtiss,Black copy,60132308,T01: 13 (trk 60112607 0 - 4:10),0.0,Balance 025,V,ZZ1323,Best of dnc 07. End of set of best of set 10 & a few more from future singles purchases etc.
Tiesto,10 seconds before sunrise,60132309,T01: 02,0.0,Tiesto,"Elements of life, special edition",ZZ1323,Best of dnc 07. End of set of best of set 10 & a few more from future singles purchases etc.
Instramental,No future,60132310,T20 (trk 60113503 5:45 - 10:30),0.0,Fabriclive 50,V,ZZ1323,Best of dnc 07. End of set of best of set 10 & a few more from future singles purchases etc.
Simple minds,Up on the catwalk,60132311,T01: 13,0.0,Simple minds,Celebrate,ZZ1323,Best of dnc 07. End of set of best of set 10 & a few more from future singles purchases etc.
Dzihan & kamien,Homebase,60132401,T04,0.0,Cafe del mar 6 (seis),V,ZZZ1324,Alternately labelled superchilled 2 Copy of 1182 with 3 tracks chamged The new 'inevitable end' CDR.
Afterlife,Dub in ya mind,60132402,T02,0.0,Cafe del mar 6 (seis),V,ZZZ1324,Alternately labelled superchilled 2 Copy of 1182 with 3 tracks chamged The new 'inevitable end' CDR.
Baul dimension,Lake palace,60132403,T01: 13,0.0,"Buddha bar 2, spirit of, siddharta",V,ZZZ1324,Alternately labelled superchilled 2 Copy of 1182 with 3 tracks chamged The new 'inevitable end' CDR.
Vangelis,Love theme (ambient mix 2) (& gutbrod),60132404,T01: 11,0.0,Real ibiza 5,V,ZZZ1324,Alternately labelled superchilled 2 Copy of 1182 with 3 tracks chamged The new 'inevitable end' CDR.
Ratnabati,Breeze,60132405,T01: 03,0.0,"Buddha bar 2, spirit of, siddharta",V,ZZZ1324,Alternately labelled superchilled 2 Copy of 1182 with 3 tracks chamged The new 'inevitable end' CDR.
Afterlife,Like prana,60132406,T01: 04,0.0,Afterlife,Speck of gold,ZZZ1324,Alternately labelled superchilled 2 Copy of 1182 with 3 tracks chamged The new 'inevitable end' CDR.
"Ingrosso, vito",Pretend,60132407,T02: 05,0.0,"Buddha bar 2, spirit of, siddharta",V,ZZZ1324,Alternately labelled superchilled 2 Copy of 1182 with 3 tracks chamged The new 'inevitable end' CDR.
Banzai republic,Love throughout the world (& natacha atlas),60132408,T02: 02,0.0,Zen connection 3,V,ZZZ1324,Alternately labelled superchilled 2 Copy of 1182 with 3 tracks chamged The new 'inevitable end' CDR.
Quoyle,Heavy,60132409,T01: 01,0.0,Evolutionary vibes 2,V,ZZZ1324,Alternately labelled superchilled 2 Copy of 1182 with 3 tracks chamged The new 'inevitable end' CDR.
Quicksound,Cold winter,60132410,T01: 12,0.0,Buddha bar 6,V,ZZZ1324,Alternately labelled superchilled 2 Copy of 1182 with 3 tracks chamged The new 'inevitable end' CDR.
Rae & christian,All I ask (& veba),60132411,T06,0.0,Rae & christian,Northern sulphuric soul,ZZZ1324,Alternately labelled superchilled 2 Copy of 1182 with 3 tracks chamged The new 'inevitable end' CDR.
Dao,Moody moon no 5,60132412,T08,0.0,Dao,Soham,ZZZ1324,Alternately labelled superchilled 2 Copy of 1182 with 3 tracks chamged The new 'inevitable end' CDR.
Groove armada,At the river (original mix),60132413,T05,1.0,Groove armada,"At the river (single, maxi)",ZZZ1324,Alternately labelled superchilled 2 Copy of 1182 with 3 tracks chamged The new 'inevitable end' CDR.
"Cummings, stephen",Melancholy hour,60132414,T06,0.0,"Cummings, stephen","New kind of blue, a",ZZZ1324,Alternately labelled superchilled 2 Copy of 1182 with 3 tracks chamged The new 'inevitable end' CDR.
"Eno, roger",Through the blue,60132415,T01,0.0,"Eno, roger",Voices,ZZZ1324,Alternately labelled superchilled 2 Copy of 1182 with 3 tracks chamged The new 'inevitable end' CDR.
"Schubert, franz",Piano trio in e flat opus 100 2nd movement (film adaption),60132416,T18,0.0,"Lyndon, barry ost",V,ZZZ1324,Alternately labelled superchilled 2 Copy of 1182 with 3 tracks chamged The new 'inevitable end' CDR.
Lovebirds,Modernstalking,60132501,T02: 12,0.0,Serve chilled 2007,V,ZZ1325,Alternately labelled supermodified dance 2
Ceelo green,Bright lights bigger city,60132502,T02,0.0,Ceelo green,"Lady killer, the",ZZ1325,Alternately labelled supermodified dance 2
Moshic,Nightstalker (& zidan),60132503,T01: 04,0.0,"Nocturnal frequencies 03, danny howells",V,ZZ1325,Alternately labelled supermodified dance 2
Powder productions,Chilli sauce 99,60132504,T10,0.0,"Summer breeze, glasgow underground presents, kevin mckay",V,ZZ1325,Alternately labelled supermodified dance 2
Photek,Mine to give (& robert owens) (david morales happy mix),60132505,T02,1.0,Photek,Mine to give (& robert owens) (cd maxi single),ZZ1325,Alternately labelled supermodified dance 2
"Wilkie, ian",Twin town (& vs timo maas),60132506,T02: 02 (edit last 2:46 only),0.0,"Music for the maases, timo maas presents",V,ZZ1325,Alternately labelled supermodified dance 2
Balance 014,T01: 09,60132507,T01: 09 (last 2:19 only),0.0,Balance 014,V,ZZ1325,Alternately labelled supermodified dance 2
Royksopp,This must be it,60132508,T04,0.0,Royksopp,Junior,ZZ1325,Alternately labelled supermodified dance 2
"Kowalski, alexander",She's worth it (& ft joris voorn),60132509,T02: 01 (60084904 0:00 - 4:53),0.0,Balance 011,V,ZZ1325,Alternately labelled supermodified dance 2
Delgui,Highlights,60132510,T01: 08 (60085503B 17:30 to end),0.0,Balance 011,V,ZZ1325,Alternately labelled supermodified dance 2
"Holmes, david",69 police,60132511,T01: 14 (60084503 5:00 - 10:40),0.0,Balance 011,V,ZZ1325,Alternately labelled supermodified dance 2
Tilt,Headstrong,60132512,T02: 02 (60086107 0:00 - 6:20),0.0,Balance 003,V,ZZ1325,Alternately labelled supermodified dance 2
"Salt, chris",Atmospheric graffiti,60132513,T02: 11 (60086211 5:10 to end),0.0,Balance 006,V,ZZ1325,Alternately labelled supermodified dance 2
Evolution,Walking on fire (& jayn hanna),60132514,T02: 07,1.0,"Cattaneo, hernan","Cattaneo, hernan, perfecto presents, south america",ZZ1325,Alternately labelled supermodified dance 2
Another fine day,Lazy daisy,60146501,T02 (60143109 - trimmed front & end),0.0,Another fine day,Life before land,ZZZ1456,"Best of Set 11,12 chillout"
Polished chrome,Rosebud,60146502,T06 (60119802),0.0,"Super session 2.27, demo",V,ZZZ1456,"Best of Set 11,12 chillout"
Jagwar ma,Ordinary,60146503,T05 (60136103),0.0,Jagwar ma,Every now & then,ZZZ1456,"Best of Set 11,12 chillout"
"Lemon jelly / Natural, the / Bent",Come / Playing to win / Private road,60146504,"T01: 16,17,18 (60119709 trk 18 only)",0.0,"MOS chillout sessions 2, the",V,ZZZ1456,"Best of Set 11,12 chillout"
Endorphin,Touch,60146505,T09 (60119909),0.0,Endorphin,Soon after silence,ZZZ1456,"Best of Set 11,12 chillout"
"Hunter, rodney",Definition part 2 (& l'enfant terrible),60146506,T01: 09 (60120208 trimmed front & end),0.0,Serve chilled 2008,V,ZZZ1456,"Best of Set 11,12 chillout"
Wagon christ,Introfunktion,60146507,T01 (60142415),0.0,Wagon christ,Toomorrow,ZZZ1456,"Best of Set 11,12 chillout"
39 vybes,Sometimes lonely (& groove armada & rachel brown),60146508,T01: 14 (60142613),0.0,Winter chill 06.02,V,ZZZ1456,"Best of Set 11,12 chillout"
Kings of tomorrow,No te vaya,60146509,T14 (subtrk 2 of 3) (60142707),0.0,Kings of tomorrow,Trouble,ZZZ1456,"Best of Set 11,12 chillout"
Bart & baker,What can I do for you (nicola conte radio remix),60146510,T02: 13 (60143113),0.0,Buddha bar 17,V,ZZZ1456,"Best of Set 11,12 chillout"
Unknown,"Butter mix 005, 3 of 4",60146511,T03 (35:50 - 43:12) (60145711 cut after 3:20),0.0,"Butter mix 005, deadly sins",V,ZZZ1456,"Best of Set 11,12 chillout"
Ganga,Carry you home (& nikolaj grandjean) (thor & ravin rebirth remix),60146512,T01: 05 (60143114),0.0,Buddha bar 16,V,ZZZ1456,"Best of Set 11,12 chillout"
Moby,Sunday (the day before my birthday),60146513,T01: 15 (60143206),0.0,Winter chill 06.02,V,ZZZ1456,"Best of Set 11,12 chillout"
Jagwar ma,Colours of paradise,60146514,T11 (60142804),0.0,Jagwar ma,Every now & then,ZZZ1456,"Best of Set 11,12 chillout"
Rebeat,If you go away (& shirley bassey),60146515,T02: 09 (60143011),0.0,Buddha bar 16,V,ZZZ1456,"Best of Set 11,12 chillout"
"Alizadeh, akshin",Deep inside,60146516,T01: 11 (60143301),0.0,Buddha bar 16,V,ZZZ1456,"Best of Set 11,12 chillout"
"Sawhney, nitin",Eastern eyes,60146517,T02 (60119508 start trimmed),0.0,"Sawhney, nitin",Human,ZZZ1456,"Best of Set 11,12 chillout"
Chaz jankel,Glad to know you (todd terje mix),60146601,T02: 13 (60121406),0.0,Serve chilled 2008,V,Z1466,DNC Car CD 31
Unknown,Butter sessions 046 cd 1 trk 5,60146602,T01: 05 (47:45 - 62:31) (60146103 - 3:30 - 8:13 only),0.0,"Butter sessions, butter mix 046, turner street sound",V,Z1466,DNC Car CD 31
Unknown,"Unknown, cd 1 trk 9c",60146603,T01: 11 (actually 1:09C: 20:36 - end) (60120706 - 5:15 - end),0.0,Djmag free downloads 20150920,V,Z1466,DNC Car CD 31
Inner city,Secrets of the mind,60146604,T10 (60120813),0.0,Inner city,Paradise,Z1466,DNC Car CD 31
Full intention,Everybody loves the sunshine (samir masio mix),60146605,T02: 14 (60120904),0.0,Beach house (2014),V,Z1466,DNC Car CD 31
"Jacksons, the",Show you the way to go,60146606,T01: 07 (60143801),0.0,Dance classics 11&12,V,Z1466,DNC Car CD 31
Bangbang,Do tell,60146607,T01 (60142408),0.0,Bangbang,Do tell (ep),Z1466,DNC Car CD 31
"Mannino, anthony",It's jazzy (& presents syncopation),60146608,T01: 02 (60144710 - 1:32 - end only),0.0,20 years of henry street music,V,Z1466,DNC Car CD 31
Dylan rhymes,Salty,60146609,T02: 04 (60145705),0.0,Onelove 2,V,Z1466,DNC Car CD 31
La mix,Don't stop jammin (brutal mix),60146610,T12: 04 (60120614),0.0,"History of the house sound of chicago, the",V,Z1466,DNC Car CD 31
"Little big band, the",Pressure (lewis ferrier mix),60146611,T02: 07 (60123704),0.0,Beach house (2014),V,Z1466,DNC Car CD 31
Jason hates jazz,Pray for love (chus & penn vocal mix),60146612,T01: 02 (1-01: 1:45 - end 1-02: all) (60144804 - 3:16 - end only),0.0,MOS housexy summer 07,V,Z1466,DNC Car CD 31
Wilkinson / Culture shock / June miller / Stealth & stylus / Kove / Eastcolors / Wilkinson / Major lazer,"Redemption / Piano dark / Misfits (& nympho) / Homage, back to you / Searching / Toys / Afterglow / Get free (& ft amber coffman (andy c mix)",60146613,"T01: 22,23,24,25,26,27,28,29 (60122002 - 10:33 - 14:33 only)",0.0,"Andy c, nightlife 6",V,Z1466,DNC Car CD 31
"Young, paul",Come back & stay (extended version),60146614,T02: 05,,"Back to the 80s 1, the long versions",V,Z1466,DNC Car CD 31
Chaka khan,Eye to eye (extended version),60146615,T02: 09,,Grand 12 inches 15,V,Z1466,DNC Car CD 31
Manuel tur / Overstreet /  Moonbootica,Ain't no / Lose yourself (atfc mix) / Bulldog beats,60146701,"T04,05,06 (60144812 - 4:10 - 10:30 only)",0.0,"Fair, luke, bedrock os 0.3",V,Z1467,DNC Car CD 31
"Osborne, jeffrey",You can't be serious,60146702,T06 (60134907),0.0,"Osborne, jeffrey",Don't stop,Z1467,DNC Car CD 31
"Bucketheads, the",I wanna know (& presents kenny dope),60146703,T02: 04 (60145612 - 0 - 4:15 only),0.0,20 years of henry street music,V,Z1467,DNC Car CD 31
Change,Change of heart,60146704,T02: 01 (60123411),0.0,12 inch 80s grooves,V,Z1467,DNC Car CD 31
Take that,Could it be magic,60146705,T02: 02 (60122403),0.0,"Nights in heaven, the party anthems",V,Z1467,DNC Car CD 31
Inner city,Do you love what you feel,60146706,T06 (60123806),0.0,Inner city,Paradise,Z1467,DNC Car CD 31
Cerrone,Supernature 88,60146707,T11: 04 (60122405),0.0,"History of the house sound of chicago, the",V,Z1467,DNC Car CD 31
Modjo,What i mean (mood ii swing vocal dub remix),60146708,T01: 04 (60145806),0.0,Dusk at bondi beach,V,Z1467,DNC Car CD 31
Voila / Billie,Little girl (masters at work ritual mix) / It comes back around,60146709,"T10,11 (60121810 - 0 - 3:50 only)",0.0,"Nervous, soulful house experience, the",V,Z1467,DNC Car CD 31
Rivers,Soft (dani zavera mix),60146710,T02: 15 ( 60145811 - 0 - 4:49 only)),0.0,Buddha bar 18,V,Z1467,DNC Car CD 31
"Bucketheads, the","Bomb, these sounds fall into my mind, the (& presents kenny dope)",60146711,T01: 04 (4:41 - 11:10) (60145407),0.0,20 years of henry street music,V,Z1467,DNC Car CD 31
Namy,Not this time (& kathy brown) (director's cut classic mix),60146712,T01: 03 (60122506),0.0,Beach house (2014),V,Z1467,DNC Car CD 31
"Horne, jimmy bo",Dance across the floor,60146713,T02: 08 (60146106),0.0,Dance classics 5&6,V,Z1467,DNC Car CD 31
"Wilkinson / Sub focus, logistics / Commix","Casino / Out of the blue (& alice gold), together vip / Be true",60146714,"T03: 35,36,37 (35 (1:30 to end)) (60121409 - 6:02 - end only)",0.0,"Andy c, nightlife 6",V,Z1467,DNC Car CD 31
"Albertracks / Pride, the (et al) / Dj andre",We can fly / Paradise / Singing after dark,60146715,"T06,07,08 (60122801 - 0 -2:57 only)",0.0,"Nervous, soulful house experience, the",V,Z1467,DNC Car CD 31
Themroc / Dj pierre / Dirty beatniks,"Into the light (west london deep remix) / Wet dreams (xpress 2 self abuse mix) / Whores, freaks, saints and angels (yellow sox dub mix)",60146716,"T02: 08,09,10 (60146310 - 1:40 - 5:30 only)",0.0,"Off the wall, 10 years of wall of sound",V,Z1467,DNC Car CD 31
"Nightmares on wax, back to mine",V,60146901,T01 (whole mixed cd),0.0,"Nightmares on wax, back to mine",V,Z1469,"Back to mine, nightmares on wax (mixed)"
Cocteau twins,Pink orange red,60149001,T01,0.0,Cocteau twins,Echoes in a shallow bay/ tiny dynamite,ZZZZ99901,Cocteau twins - GC's favourites
Cocteau twins,Pale clouded white,60149002,T02: 07,0.0,Cocteau twins,Lullabies to violaine 1,ZZZZ99901,Cocteau twins - GC's favourites
Cocteau twins,My truth,60149003,T07,0.0,Cocteau twins,4 calender cafe,ZZZZ99901,Cocteau twins - GC's favourites
Cocteau twins,Squeeze wax,60149004,T06,0.0,Cocteau twins,4 calender cafe,ZZZZ99901,Cocteau twins - GC's favourites
Cocteau twins,Pandora,60149005,T05,0.0,Cocteau twins,Treasure,ZZZZ99901,Cocteau twins - GC's favourites
Cocteau twins,Donimo,60149006,T10,0.0,Cocteau twins,Treasure,ZZZZ99901,Cocteau twins - GC's favourites
Cocteau twins,Kookaburra,60149007,T02,0.0,Cocteau twins,Aikea guinea (ep),ZZZZ99901,Cocteau twins - GC's favourites
Cocteau twins,Five ten fiftyfold,60149008,T02,0.0,Cocteau twins,Head over heels,ZZZZ99901,Cocteau twins - GC's favourites
Cocteau twins,Athol brose,60149009,T02,0.0,Cocteau twins,Blue bell knoll,ZZZZ99901,Cocteau twins - GC's favourites
Cocteau twins,"Itchy glowbo blow, the",60149010,T05,0.0,Cocteau twins,Blue bell knoll,ZZZZ99901,Cocteau twins - GC's favourites
Cocteau twins,Love's easy tears,60149011,T01,0.0,Cocteau twins,Love's easy tears (ep),ZZZZ99901,Cocteau twins - GC's favourites
Cocteau twins,Sigh's smell of farewell,60149012,T03,0.0,Cocteau twins,Love's easy tears (ep),ZZZZ99901,Cocteau twins - GC's favourites
Cocteau twins,Whales tails,60149013,T04,0.0,Cocteau twins,Victorialand,ZZZZ99901,Cocteau twins - GC's favourites
Cocteau twins,How to bring a blush to the snow,60149014,T08,0.0,Cocteau twins,Victorialand,ZZZZ99901,Cocteau twins - GC's favourites
Cocteau twins,Serpinskir,60149015,T02,0.0,Cocteau twins,Milk & kisses,ZZZZ99901,Cocteau twins - GC's favourites
Cocteau twins,Pearly dewdrops drops,60149016,T05,0.0,Cocteau twins,Pink opaque,ZZZZ99901,Cocteau twins - GC's favourites
Cocteau twins,Aikea guinea,60149017,T07,0.0,Cocteau twins,Pink opaque,ZZZZ99901,Cocteau twins - GC's favourites
Cocteau twins,Love's easy tears,60149018,T02: 09,0.0,Cocteau twins,Lullabies to violaine 1,ZZZZ99901,Cocteau twins - GC's favourites
Dead can dance,Anywhere out of the world,60149201,T01,0.0,Dead can dance,Within the realm of a dying sun,ZZZZ99903,Dead can dance - GC's favourites
Dead can dance,In the kingdom of the blind the one eyed are kings,60149202,T14,0.0,Dead can dance,"Passage in time, a",ZZZZ99903,Dead can dance - GC's favourites
Dead can dance,Windfall,60149203,T02,0.0,Dead can dance,Within the realm of a dying sun,ZZZZ99903,Dead can dance - GC's favourites
Dead can dance,Dawn of the iconoclast,60149204,T05,0.0,Dead can dance,Within the realm of a dying sun,ZZZZ99903,Dead can dance - GC's favourites
Dead can dance,Cantara,60149205,T06,0.0,Dead can dance,Within the realm of a dying sun,ZZZZ99903,Dead can dance - GC's favourites
Dead can dance,Summoning the muse,60149206,T07,0.0,Dead can dance,Within the realm of a dying sun,ZZZZ99903,Dead can dance - GC's favourites
Dead can dance,Persephone,60149207,T08,0.0,Dead can dance,Within the realm of a dying sun,ZZZZ99903,Dead can dance - GC's favourites
Dead can dance,Ullyses,60149208,T03,0.0,Dead can dance,"Passage in time, a",ZZZZ99903,Dead can dance - GC's favourites
Dead can dance,"Host of seraphim, the",60149209,T08,0.0,Dead can dance,"Passage in time, a",ZZZZ99903,Dead can dance - GC's favourites
Dead can dance,Song of the dispossessed,60149210,T04,0.0,Dead can dance,Spiritchaser,ZZZZ99903,Dead can dance - GC's favourites
Dead can dance,Fortune presents gifts not according to the book,60149211,T05,0.0,Dead can dance,Aion,ZZZZ99903,Dead can dance - GC's favourites
Dead can dance,Anastasis,60149212,T02,0.0,Dead can dance,Anastasis,ZZZZ99903,Dead can dance - GC's favourites
Dead can dance,All in good time,60149213,T08,0.0,Dead can dance,Anastasis,ZZZZ99903,Dead can dance - GC's favourites
Nightmares on wax,Dread overboard,60149301,T02,0.0,Nightmares on wax,Smoker's delight,ZZZZ99904,Nightmares on wax - GC's favourites to 2016-03-06
Nightmares on wax,70s80s,60149302,T01: 08,0.0,"Chillout classics, the ultimate album",V,ZZZZ99904,Nightmares on wax - GC's favourites to 2016-03-06
Nightmares on wax,Moretime,60149303,T06,0.0,Nightmares on wax,Thought so,ZZZZ99904,Nightmares on wax - GC's favourites to 2016-03-06
Nightmares on wax,195 lbs,60149304,T02,0.0,Nightmares on wax,Thought so,ZZZZ99904,Nightmares on wax - GC's favourites to 2016-03-06
Nightmares on wax,Be there,60149305,T03,0.0,Nightmares on wax,Thought so,ZZZZ99904,Nightmares on wax - GC's favourites to 2016-03-06
Nightmares on wax,Stars,60149306,T01: 04,0.0,Headz,V,ZZZZ99904,Nightmares on wax - GC's favourites to 2016-03-06
Nightmares on wax,Happiness,60149307,T06,0.0,Tequila slammers & the jump jump groove generation,V,ZZZZ99904,Nightmares on wax - GC's favourites to 2016-03-06
Nightmares on wax,Nights interlude,60149308,T02: 12 (W0803 II-12),0.0,Futurefunk,V,ZZZZ99904,Nightmares on wax - GC's favourites to 2016-03-06
Nightmares on wax,Tha journey,60149309,T09,0.0,Nightmares on wax,Smoker's delight,ZZZZ99904,Nightmares on wax - GC's favourites to 2016-03-06
Nightmares on wax,Morse,60149310,T02,0.0,Nightmares on wax,Carboot soul,ZZZZ99904,Nightmares on wax - GC's favourites to 2016-03-06
Nightmares on wax,Argha,60149311,T07,0.0,Nightmares on wax,Carboot soul,ZZZZ99904,Nightmares on wax - GC's favourites to 2016-03-06
Nightmares on wax,Survival,60149312,T09,0.0,Nightmares on wax,Carboot soul,ZZZZ99904,Nightmares on wax - GC's favourites to 2016-03-06
Nightmares on wax,Finer,60149313,T05,0.0,Nightmares on wax,Carboot soul,ZZZZ99904,Nightmares on wax - GC's favourites to 2016-03-06
Nightmares on wax,Fire in the middle,60149314,T08,0.0,Nightmares on wax,Carboot soul,ZZZZ99904,Nightmares on wax - GC's favourites to 2016-03-06
Blackbeard,Nough,60149401,T07,0.0,Blackbeard,I wah dub,ZZZZ99905,Reggae-dub GC favourites 2019-02-21
Dub syndicate,Sound clash (dub),60149402,T06,0.0,Dub syndicate,Overdubbed,ZZZZ99905,Reggae-dub GC favourites 2019-02-21
"Tamins, the",Baltimore,60149403,T17,0.0,Nice & ruff,V,ZZZZ99905,Reggae-dub GC favourites 2019-02-21
"Congos, the",Fisherman,60149404,T01,0.0,"Congos, the",Heart of the congos,ZZZZ99905,Reggae-dub GC favourites 2019-02-21
"Perry, lee scratch",Jungle,60149405,T09,0.0,"Perry, lee scratch",Time boom & de devil dead,ZZZZ99905,Reggae-dub GC favourites 2019-02-21
Massive attack,Bumper ball dub,60149406,T02,0.0,Massive attack,No protection,ZZZZ99905,Reggae-dub GC favourites 2019-02-21
Israel vibration,"Same song, the (extended)",60149407,T12,0.0,Israel vibration,Same song,ZZZZ99905,Reggae-dub GC favourites 2019-02-21
"Pidow, ras",Dub overdue,60149408,T02: 05,0.0,Dub for daze 1,V,ZZZZ99905,Reggae-dub GC favourites 2019-02-21
"Perry, lee scratch",His master's voice (& adrian sherwood),60149409,T01 (skip intro),0.0,"Perry, lee scratch",Dub setter (& adrian sherwood),ZZZZ99905,Reggae-dub GC favourites 2019-02-21
"Perry, lee scratch",Vibrate on,60149410,T04,0.0,"Perry, lee scratch",From the secret laboratory,ZZZZ99905,Reggae-dub GC favourites 2019-02-21
"Issacs, gregory",Nigger,60149411,T07,0.0,"Issacs, gregory",Slum in dub,ZZZZ99905,Reggae-dub GC favourites 2019-02-21
New age steppers,Private armies,60149412,T08,0.0,New age steppers,New age steppers,ZZZZ99905,Reggae-dub GC favourites 2019-02-21
Wagner,Prelude to tristan & isolde (16:47),60149501,T05,1.0,Wagner,"Preludes, liebestod, idyll",ZZZZ99906,Penultimate soundscapes
"Roach, steve",At the edge of the inbetween (anima revisited),60149502,T03,1.0,Endless 2,V,ZZZZ99906,Penultimate soundscapes
"Rich, robert",Sunspot cycle,60149503,T09,1.0,Endless 2,V,ZZZZ99906,Penultimate soundscapes
Future sound of London,Cascade pts 2 & 3,60149504,T02: 09,1.0,Ambient (virgin) 3,V,ZZZZ99906,Penultimate soundscapes
"Roach, steve",Cavity of liquids,60149505,T01,1.0,"Roach, steve","Terraform (& loren nerell), projekt presents",ZZZZ99906,Penultimate soundscapes
Burning spear,"Social living, living dub",60149701,T01,1.0,Burning spear,"Social living, living dub",ZZZZ99908,"Burning spear, Social living, living dub"
Uusitalo,Bedroom selection / Creating undo for kids,60149801,"T03,04",0.0,Uusitalo,Vapaa muurari live,ZZZZ99909,"Uusitalo, Vapaa muurari live (trks 3-14)"
Uusitalo,Prostitute / Ones groove,60149802,"T05,06",0.0,Uusitalo,Vapaa muurari live,ZZZZ99909,"Uusitalo, Vapaa muurari live (trks 3-14)"
Uusitalo,Social selection,60149803,T07,0.0,Uusitalo,Vapaa muurari live,ZZZZ99909,"Uusitalo, Vapaa muurari live (trks 3-14)"
Uusitalo,Dutchwallpaper / News selection / Between kate & naomi / Everything's an object,60149804,"T08,09,10,11",0.0,Uusitalo,Vapaa muurari live,ZZZZ99909,"Uusitalo, Vapaa muurari live (trks 3-14)"
Uusitalo,Bring the voodoo down / Social children / Big hearts come later,60149805,"T12,13,14",0.0,Uusitalo,Vapaa muurari live,ZZZZ99909,"Uusitalo, Vapaa muurari live (trks 3-14)"
