Artist,Title,Track no. on CDR,Track no. on source CD,,From CD artist,From CD title ( V = Various Artists)
Zzzz_00003,(CDR number 3),60000300,200409,0,,Z 0003 Car CD 03
"Shic, mc",Nightstalker (& zeidan),60000301,T01: 04,1,"Nocturnal frequencies 03, danny howells",V
"Dawson, dana",3 is family,60000302,T02: 12,1,House of handbag,V
New phunk theory,Always (& kerry green),60000303,T01: 10,1,Deeper,V
Masters at work,Brazilian beat,60000304,T09,1,"Funky lowlives, the, ascension presents",V
Eddy,Someday,60000305,T12,1,MOS 3,V
M people,Love rendezvous,60000306,T01: 13,1,MOS 6,V
"Knuckles, frankie",Keep on moving (& nicki richards),60000307,T01: 01,1,"Faith 1, house classics past & present, terry farley & bill brewster",V
Sandy b,Aint no need to hide,60000308,T08 (0 - -1:00),1,Garage class 2,V
Hardrive,Just believe,60000310,T01,1,Strictly rhythm 3,V
"Roberts, joe",Back in my life,60000311,T06,1,Ffrr platinum on black,V
Key to life,Forever (& sabrina johnston),60000312,T10,1,Garage divas,V
Duke,So in love with you,60000313,T01: 07,0,Dancenet 2,V
Zzzz_00004,,60000400,200409,0,,Z 0004 Car CD 04
"Holloway, loleatta",Hit & run,60000401,T10,1,"Mastercuts, classic salsoul 2",V
House of prince,Perfect love,60000402,T13,1,Twist this pussy,V
Ez rollers,Retro,60000403,T02: 14,1,Nu cool 2,V
"Haines, nathan",Earth is the place (& verna francis),60000404,T01: 10,1,MOS sessions 12,V
Yello,To the sea,60000405,T02,1,"Tenaglia, danny, back to mine",V
"Rae, fonda",Living in ecstasy,60000406,T01: 02,1,MOS 7,V
"Jackson, giselle",Love commandments,60000407,T01: 03,1,MOS 7,V
Salt city orchestra,Storm,60000408,T03,1,Can your pussy do the dog,V
Drizabone,Real love,60000409,T01: 12,1,"94th & 10th, a decade of 94th & broadway",V
Raw concept,On & on,60000410,T01: 13,1,"MOS late night sessions 2, xpress2",V
"Falk, christian",Make it right (& demetreus),60000411,T14,1,"Artful dodger, the, presents rerewind",V
Urban blues project,Deliver me,60000412,T01: 04,0,MOS 5,V
"Warren, alysha",I pray,60000413,T01: 07,1,MOS 4,V
Criminal element orchestra,Go around,60000414,T02: 08,1,MOS 7,V
Royksopp,Poor land,60000415,T01: 06,1,"MOS annual 2002, the",V
Zzzz_00005,,60000500,200409,0,,Z 0005 Car CD 05
Propellerheads,History repeating,60000501,T06,1,Propellerheads,Decksandrumsandrockandroll
"Guthries, gwen",7th heaven,60000502,T01: 03,1,"94th & 10th, a decade of 94th & broadway",V
Zoo experience,We can make it (& overjoyed),60000503,T01: 06,1,MOS 8,V
Kings of tomorrow,I'm so grateful,60000504,T02: 04,1,MOS 6,V
M & m,So deep so good,60000505,T05,1,Strictly rhythm 3,V
Black science orchestra,Bless the darkness,60000506,T02: 03,1,"MOS late night sessions 2, xpress2",V
Atlantis,No more excuses (& naomi nsombi),60000507,T02: 03,1,Deeper,V
Mood swing,25th st,60000508,T14,1,Nervous ny,V
Jersey street,Cry me a river,60000509,T01,1,"Summer breeze, glasgow underground presents, kevin mckay",V
"Evora, cesaria",Sangue de peirona,60000510,T01: 06,1,Nu cool 3,V
"Germain, st",Alabama blues,60000511,T02,1,"Germain, st",From detroit to st germain (& aka ludovic navarre)
Smooth touch,House of love,60000512,T07,1,Strictly rhythm 2,V
"Brown, kathy",Give it up,60000513,T01: 08,1,MOS sessions 12,V
Zzzz_00006,,60000600,200409,0,,Z 0006 Car CD 06
Mbg,Tribal voices,60000601,T03,1,Made in italy,V
Humate,Choose life,60000602,T01: 02,1,MOS club nation 1,V
Fragma,Tosca's miracle,60000603,T01: 02,1,MOS hard nrg,V
Mfs,Keep on (& jaye ella ruth),60000604,T01: 02,1,MOS 5,V
Endorphin,Free (remix),60000605,T02: 01,1,Endorphin,Skin
Desert,Letting ya mind go,60000606,T02,1,"Nu tech house, dj lottie",V
"Terry, todd",Keep on jumpin,60000607,T02: 04,1,Club classics 1,V
Dayeene,Around the world,60000608,T01,1,Pulsating rhythms 3,V
Da click,Good rhymes,60000609,T01: 02,1,MOS dance nation 6,V
Sol brothers,That elvis track,60000610,T02: 17,1,Block bustin beats,V
Daphreephunkateerz,Get pissed on brooklyn bridge,60000611,T03,1,"220 volts fm, tuner a vif",V
Halo,Primitive,60000612,T01: 03 (& 4),1,"Nocturnal frequencies 03, danny howells",V
H2o,Satisfied,60000613,T01: 12,1,MOS 8,V
"Holmes, david","Yates, rodney",60000614,T06,1,"Holmes, david",Let's get killed
1 dove,Fallen,60000615,T01,1,1 dove,Morning white dove
Neotropic,Vacetious blooms,60000616,T06,1,Neotropic,"Brubaker's, mr, strawberry alarm clock"
Zzzz_00007,,60000700,200409,0,,ZZZ 0007 Car CD 07 - chillout 01
Meat katie,Black & blue,60000701,T02: 01,1,"MOS late night sessions 2, xpress2",V
Rae & christian,"Hush, the",60000702,T05,1,Rae & christian,Northern sulphuric soul
Bent,I remember johnny,60000703,T06,1,Bent,Programmed to love
"Quiet boys, the",Everybody loves the summer,60000705,T01: 11,1,Nu cool 1,V
Sun electric,Sundance,60000706,T05,1,Cafe del mar 1,V
"Rubin, vanessa",Gotta b everything,60000707,T02: 08,1,Nu cool 1,V
"Quaye, finley",Calender,60000708,T09,1,"Quaye, finley",Vanguard
Kleshay,Rush,60000709,T01: 11,1,Kiss smooth grooves summer 99,V
"Lilac time, the",Dreaming,60000710,T07,1,"Keeping the faith again, a creation dance compilation",V
"Hinds, camelle",Saulsalito calling,60000711,T01: 02,1,Nu cool 1,V
"Padilla, jose",Train to nottingham,60000712,T08,1,"Padilla, jose",Souvenir
Khao,No compromise,60000713,T03,1,Offering 2 (k7),V
Lascelles,Butterfly (& vanessa darby),60000714,T03,1,Abstract vibes 2,V
Zzzz_00008,,60000800,200409,0,,ZZZ 0008 Car CD 08 - chillout 02
Voices of kwan ad,Return journey,60000801,T05,1,Cafe del mar 4 (cuatro),V
Outside,"Plan, the, minty",60000802,T04,1,"Tenaglia, danny, back to mine",V
Slam mode,Orbiium celestium 7,60000803,T06,1,"Summer breeze, glasgow underground presents, kevin mckay",V
State island groove,Down to the bone,60000804,T01: 10,1,Nu cool 1,V
"Fingers, mr",Survivor,60000805,T02,1,Future soul,V
Coldcut,Anamission,60000806,T01: 12,1,If ya can't stand the heat git outa da kitchen,V
Thievery corporation,Transmission central (& rockers hifi),60000807,T04,1,Thievery corporation,Abductions & reconstructions
Ballistic brothers,Uschi's groove,60000808,T07,1,Cafe del mar 5 (cinco),V
Jhelisa,Sweet dreams,60000809,T01,1,Fine gold,V
Mandalay,Beautiful (canny mix),60000811,T05,1,Cafe del mar 6 (seis),V
"Caldwell, andy",Quiet nights (& gina rene),60000812,T01: 04,1,Deeper,V
"Cole, mj",Sincere (deeper remix),60000813,T01: 07,1,Deeper,V
"Quaye, finley",Feeling blue,60000814,T06,1,"Quaye, finley",Vanguard
Zzzz_00009,,60000900,200409,0,,Z 0009 Car CD 09
"Anderson, carleen",Apparently nothin,60000901,T01: 12,1,MOS 4,V
Kklass,Don't stop,60000902,T05,1,Kklass,Universal
Ultranate,Free,60000903,T02: 01,1,MOS 8,V
Wosp,Getting in 2 u,60000904,T01: 13,1,"MOS annual 2002, the",V
"Knuckles, frankie",Keep it real (& adeva),60000905,T05,1,"Knuckles, frankie",Welcome to the real world (& adeva)
Ground level,Journey through the night,60000906,T04,1,Pulsating rhythms 5,V
Mel & kim,Showing out,60000907,T10,0,Mel & kim,Flm
"Brown, jocelyn",Something's going on,60000908,T02,1,"Brown, jocelyn","Hits, the"
"Electric fro, the",Theme from electro fro,60000909,T18,1,Can your pussy do the dog,V
1st choice,Armed & extremely dangerous,60000910,T01: 03,1,MOS 8,V
"E, don",Love makes the world go around,60000911,T01: 10,1,"94th & 10th, a decade of 94th & broadway",V
"Ayers, roy",Sweet tears,60000912,T07,1,"Jumpin 2, classics from the original disco underground",V
Science dept,Persuasion,60000913,T01: 12,1,"Bedrock, john digweed",V
Dimitri from paris,Dim's jazz,60000914,T03,1,Future sound of paris 2,V
Mateo & matos,Happy feeling,60000915,T01: 01,0,"MOS late night sessions 2, xpress2",V
Eurekavibe,Sacred & true,60000916,T12,1,Radio raw 2,V
Zzzz_00010,,60001000,200409,0,,Z 0010 Car CD 10
M people,How can I love you more (sasha remix),60001001,T02: 01,1,"Deconstruction classics, a history of dance music",V
Absolute us,There will come a day (& suzanne palmer),60001002,T01: 11,1,House of handbag,V
"Da silva, rui",Touch me,60001003,T01: 21,0,"MOS annual 2002, the",V
"Brown, jocelyn",Fun,60001004,T05,1,"Brown, jocelyn","Hits, the"
Urban hype,Game of love,60001005,T05,1,Pulsating rhythms 5,V
"Simpson, paul & colonel abrams",Could it be,60001006,T01: 13,1,MOS sessions 12,V
Da mooch,Send me some love (& ellis miah),60001007,T01: 05,1,MOS 8,V
Magenta,Music & rights,60001008,T08,1,Future sound of paris 2,V
King street crew,Gonna be alright,60001009,T08,1,Nervous ny,V
"Giles, donna",And I tell you i'm not going to stonebridge,60001010,T05,1,MOS 3,V
Black science orchestra,Heavy gospel morning,60001011,T02: 03,1,MOS 6,V
Basement jaxx,Bingo bango,60001012,T02: 01,1,MOS club nation 1,V
Mcj,I'm ready for your love (& davina),60001013,T08,1,Made in italy,V
Androgeny,I could be this I could be that,60001014,T11,1,Strictly rhythm 3,V
"Murray, jolynn",It's time to party,60001015,T05,1,Garage divas,V
Zzzz_00011,,60001100,200409,0,,Z 0011 Car CD 11
Transform,Transformation,60001101,T02: 02,1,Logic trance 2,V
"Sledge, kathy",Another star,60001102,T01: 03,0,MOS 4,V
Stereo mcs,Connected,60001103,T02: 11,0,"94th & 10th, a decade of 94th & broadway",V
"Brown, jocelyn",Happiness (& kamasutra),60001104,T06,1,"Brown, jocelyn","Hits, the"
Aquanote,Only,60001105,T01: 06,1,Deeper,V
Freakpower,Turn on tune in cop out,60001106,T02: 10,1,"94th & 10th, a decade of 94th & broadway",V
"Tucker, barbara",Stay together,60001107,T01,0,Strictly rhythm 5,V
"Candelario, benji, project",Spread love,60001108,T02: 11,1,MOS sessions 12,V
"Chunks, chubby",Testament 4,60001109,T02: 08,1,100 mph pure underground dance 1 & 2,V
Ntrance,Set me free,60001110,T03: 03,1,"MOS annual 2002, the",V
Just us,What a night,60001111,T02: 12,1,"MOS annual 2002, the",V
Ground level,Searching for the truth,60001112,T10,1,Ground level,New moon
Funkygreendogs,Fired up,60001113,T02,1,Funkygreendogs,Getfiredup
Zzzz_00017,,60001700,20050902,0,,ZZZ 0017 Car CD 12  - chilled mixed dance
Jetlag,So right,60001701,T02: 15,1,MOS clubbers guide to 2003,V
Krystal k,Let's get it right,60001702,T02: 12,1,MOS clubbers guide to 2003,V
Madasun,Walking on water,60001703,T02: 12,1,"Ayia napa, ultimate",V
Chateau,Prism,60001704,T11,1,"Fashion tv, spring summer 2001 collection",V
Groove armada,In side my mind,60001705,T12,1,Groove armada,Vertigo
Groove armada,"Private interlude, a",60001706,T08,1,Groove armada,Vertigo
"Wilkie, ian",Guten morgen,60001707,T08,1,Global underground destinations,V
Oscar,Sunday 17th,60001708,T09,1,"Fashion tv, spring summer 2001 collection",V
Friendly,Some kind of love song,60001709,T07,1,Escape,V
Wicked beat sound system,I don't want to know,60001710,T05,1,Escape,V
Hunting party,Grooving,60001711,T10,1,Escape,V
Perpetual ocean,Starbright,60001712,T11,1,Escape,V
Groove armada,Dusk you & me,60001713,T03,1,Groove armada,Vertigo
Indian ropeman,Indian ropeman,60001714,T01: 07,1,We are skint,V
Kosheen,Harder,60001715,T05,1,Kosheen,Resist
Zzzz_00018,,60001800,20050903,0,,Z 0018 Car CD 13
"Linen, max","Sound shaker, the",60001801,T01: 17,1,"MOS annual 2002, the",V
"Artful dodger, the",What you gonna do (remix),60001802,T13,1,"Artful dodger, the",It's all about the stragglers
Illumination,Cookie river,60001803,T09,1,Cafe del mar 8 (ocho),V
Bedlam,Da force,60001804,T02: 10,1,Street fm 1,V
"Beginerz, the",Reckless girl,60001805,T01: 01,1,"MOS annual 2003, the",V
Natural calamity,And that's saying a lot,60001806,T09,1,This is not a soundclash,V
Fenomenon,Out of control,60001807,T06,0,This is not a soundclash,V
Mambana,No reason,60001808,T02: 06,1,MOS clubbers guide to 2003,V
"Riviera, sandy",Changes (& haze),60001809,T02: 03,1,MOS clubbers guide to 2003,V
"Streets, the",Weak becomes heroes,60001810,T01: 17,1,"MOS annual 2003, the",V
"Vass, dina","Love I have for you, the",60001811,T01: 14,1,"MOS annual 2003, the",V
Raffen,Enough of your love,60001812,T12,1,"Fashion tv, spring summer 2001 collection",V
Cassius,"Sound of violence, the (& steve edwards)",60001813,T01: 07,1,"MOS annual 2003, the",V
Dakota,Lost in brixton,60001814,T01: 12,1,"Global underground 021, deep dish, moscow",V
Satori,Satori,60001815,T02: 10,1,"Faith 1, house classics past & present, terry farley & bill brewster",V
Zzzz_00019,,60001900,20050904,0,,Z 0019 Car CD 14
Bt,Shame,60001901,T02: 01,1,"Global underground 021, deep dish, moscow",V
Basement jaxx,Do your thing,60001902,T01: 06,0,"MOS annual 2003, the",V
Raven maize,Fascinated,60001903,T01: 05,1,"MOS annual 2003, the",V
She rockers,On shane (& vs utah saints),60001904,T10,1,New school vs old school 2,V
Nerd,Run to the sun,60001905,T07,1,Nerd,In search of
Jamiroquai,Love foolsonly,60001906,T01: 04,1,"MOS annual 2003, the",V
Bis project,Girls like us,60001907,T13,1,MOS 2step the album,V
"Artful dodger, the",Moving too fast (& romina johnson),60001909,T02: 02,1,"Ayia napa, ultimate",V
"Aaron, robert",Sax in the ozone,60001910,T02: 03,1,"Faith 1, house classics past & present, terry farley & bill brewster",V
"Jones, digby",Pina colada,60001911,T12,1,Cafe del mar 8 (ocho),V
Layo & bushwacka,Love story,60001912,T01: 02,1,"MOS annual 2003, the",V
Il padrinos,That's how good your love is (& jocelyn brown),60001913,T01: 03,1,"MOS annual 2003, the",V
King unique,Look ahead,60001914,T01: 18,1,"Ayia napa, ultimate",V
India,To be in love (& maw presents),60001915,T01: 19,1,"Ayia napa, ultimate",V
Kings of tomorrow,Finally,60001916,T01: 11,1,"Faith 1, house classics past & present, terry farley & bill brewster",V
Fridge,Paradise,60001917,T02: 12,1,Street fm 1,V
Zzzz_00149,000_Drm 034,60014900,20081220,0,,ZZZ 0149 Drm 034 Superchilled 04
Fc kahuna,Hdyling,60014901,T02: 04,0,"Chillout classics, the ultimate album",V
Hong kong trash,Down the river,60014902,T02: 12,0,"MOS late night sessions 2, xpress2",V
"Moneypenny project, the",Marie lou,60014908,T14,0,"Fashion tv, spring summer 2001 collection",V
"Tobin, amon",Natureland,60014909,T12,0,"Tobin, amon",Supermodified
"Avalanches, the",Eion / Summer crane,60014910,"T14,15",0,"Avalanches, the",Since I left you
Kinobe,Slip into something more comfortable,60014911,T01: 02,0,"Chillout classics, the ultimate album",V
Golan project,Triptica,60014912,T01: 01 (& 02),0,"Dusk at byron bay, sharif galal",V
"Tobin, amon",Keeping it stree,60014913,T11,0,"Tobin, amon",Supermodified
Zzzz_00150,000_Drm 035,60015000,20081220,0,,ZZZ 0150 Drm 035 Superchilled 05
4 tet,Rivers become oceans (& rothko),60015001,T07,0,Fabulous shit,V
Afterlife,How does it feel,60015002,T01: 05,0,Zen connection 3,V
Chungking,Bubble love,60015003,T01: 06,0,"Chillout classics, the ultimate album",V
Goldfrapp,Pilots,60015004,T04,0,Goldfrapp,Felt mountain
Thievery corporation,Un simple histoire (voidd remix),60015005,T08,0,"Thievery corporation, babylon rewound",V
Fun loving criminals,Methodonia,60015006,T13,0,Fun loving criminals,Come find yourself
Bhakta & helen,Something strong,60015007,T01: 08,0,Zen connection 3,V
Funkstar de luxe,When I think of you (& the crickets),60015008,T01: 08,0,Disco kandi,V
Cantoma,"Call, the (& pathaan)",60015009,T01: 09,0,Zen connection 3,V
Solid sessions,Janeiro,60015012,T03: 05,0,Gatecrasher digital,V
Ryukyu underground,Kanasando,60015013,T02: 05,0,Zen connection 3,V
Way out west,Intensify,60015014,T03: 07,0,Gatecrasher digital,V
Zzzz_00151,000_Drm 036,60015100,20090118,0,,ZZZ 0151 Drm 036 Superchilled 06
D genre,Drum al amour,60015101,T10,0,Rasamello 2,V
Amber,Sexual (afterlife mix),60015102,T03,0,Rasamello 2,V
"Thorton, phil",Resolution,60015103,T01: 06,0,Zen connection 2,V
Lotus,Air & angels,60015104,T13,0,Rasamello 1,V
"Yokota, susumu",Flying cat,60015105,T12,0,"Yokota, susumu",Grinning cat
"Chopra, deepak",Oceans of ecstasy,60015106,T02,0,Rasamello 2,V
"Return, the",New day,60015107,T01: 03,0,"Global underground 017, london danny tenaglia",V
Get fucked,Dreams are made,60015108,T01,0,Get fucked,Wet dreams
"Namtchylak, sainkho",Ohm suaa,60015109,T02: 02,0,Buddha bar 7,V
Banzai republic,Loolah (& natacha atlas),60015110,T01: 06,0,Zen connection 4,V
Sufani,Gaudi,60015111,T01: 12,0,"Buddha bar 2, spirit of, siddharta",V
"Sanchez, roger",Another chance,60015112,T01: 06,0,"MOS chillout sessions 3, the",V
Orbient,Boarding,60015113,T14,0,Hotel costes 4,V
Yonder boi,Fairy of the lake,60015114,T01: 07,0,"Big chill loves you, the",V
Supervielle,Perfume,60015116,T02: 06,0,Buddha bar 7,V
Zzzz_00152,000_Drm 037,60015200,20090118,0,,ZZZ 0152 Drm 037 Superchilled 07
"Miles, robert",Path,60015201,T01: 11,0,"Big chill loves you, the",V
Omnimotion,Japan,60015202,T01: 07,0,Zen connection 4,V
Grassskirt,Tonite,60015203,T02: 02,0,"Buddha bar 2, spirit of, siddharta",V
Dzihan & kamien,Airport,60015204,T08,0,Dzihan & kamien,Gran riserva
"Sheehan, rhian",Phobos,60015205,T01: 11,0,Zen connection 4,V
Module & jess chamber,Twilight stolen,60015207,T04,0,Elysian vibes 4,V
"Kennedy, jon",Smith vs smith,60015208,T07,0,Future sound of jazz 8,V
Bombay dub orchestra,Greater silence,60015209,T01: 06,0,Bombay dub orchestra,Bombay dub orchestra
Parallel,Interstellar,60015210,T01: 12,0,Zen connection 4,V
Order in chaos,Ocean dreams,60015211,T02: 10,0,Zen connection,V
Jazzanova,Bohemian sunset,60015212,T01: 15,0,"MOS chillout sessions 3, the",V
Variety lab,London in the rain,60015213,T01,0,Hotel costes 4,V
Bombay dub orchestra,Rare earth (dub),60015214,T02: 01,0,Bombay dub orchestra,Bombay dub orchestra
Zzzz_00153,000_Drm 038,60015300,20090118,0,,ZZZ 0153 Drm 038 Superchilled 08
Blue 6,Music & wine,60015301,T02: 03,0,"MOS chillout sessions 3, the",V
"Bailey, ronnie",Rise,60015302,T01: 04,0,Beach house,V
Method,I've got a cat,60015303,T02,0,Hotel costes 4,V
Thunderball,Solar,60015304,T03,0,Hotel costes 4,V
Bent,Sing me,60015305,T06,0,Bent,Ariels
Amanaska,Bag the llama,60015306,T02: 03,0,Zen connection 4,V
Sphongle,Once upon the sea of blissful awareness,60015307,T01: 10,0,Buddha bar 8,V
Bombay dub orchestra,Compassion (dub),60015308,T02: 06,0,Bombay dub orchestra,Bombay dub orchestra
Latrice,Hold the light,60015309,T01: 08,0,Beach house,V
"Popat, sam",Golden ring (& alexandre scheffer),60015310,T01: 11,0,Buddha bar 8,V
"Gerrard, lisa",Spaceweaver,60015311,T06,0,"Gerrard, lisa","Silver tree, the"
Alphax,"Wedding song, the",60015312,T01: 01,0,Zen connection 2,V
Mystic diversions,Float on,60015313,T04,0,Rasamello 1,V
"Marin, elkin",Wallanwala,60015314,T01: 13,0,Buddha bar 8,V
Zzzz_00154,000_Drm 039,60015400,20090118,0,,ZZZ 0154 Drm 039 Superchilled 09
Savath & savalas,Apnes obstructive,60015401,T02,0,Savath & savalas,Golden pollen
Alphax,"Indian summer, an",60015403,T01: 04,0,Buddha bar 7,V
Cinematic orchestra,Breathe,60015404,T09,0,Cinematic orchestra,Ma fleur
Tya,Coming home,60015405,T01,0,Buddha lounge 2,V
Cirque du soliel,"Tate blish, a",60015406,T01: 04,0,"Buddha bar 2, spirit of, siddharta",V
Endorphin,Shukran,60015407,T01,0,Endorphin,Shake it
Mkl vs soy sos,Skin,60015408,T02: 03,0,Buddha bar 1,V
Banzai republic,Never feel,60015409,T01: 05,0,"Buddha bar 2, spirit of, siddharta",V
"Brown, ian",Solarized,60015410,T05,0,"Brown, ian",Solarized
Dzihan & kamien,Stiff jazz,60015411,T01,0,Dzihan & kamien,Gran riserva
Spiral system & lottie child,Elephant,60015412,T01: 02,0,Zen connection 4,V
"Padilla, jose",Light my heart,60015413,T01: 11,0,Buddha bar 7,V
"Sotomayor, nacho",Too far,60015414,T02: 13,0,Zen connection,V
Dzihan & kamien,Thrill,60015415,T10,0,Dzihan & kamien,Gran riserva
Zzzz_00205,000_Drm 049,60020500,20111012,0,,ZZZ 0205 Drm 049 Superchilled 11
Sigur ros,Festival,60020501,T05,0,Sigur ros,Med sud i eyrum vid spilum endalaust
Pnau,Die with us,60020502,T12,0,Pnau,Pnau
Unknown,Unknown,60020503,T08,0,"Afterlife, free cd with speck of gold 2 of 4, bliss",V
Dolphin boy,Shake it loose,60020504,T01: 03,0,Buddha bar 6,V
Marden hill,Bardot,60020505,T02: 18,0,"Lust, jeoy negro, a personal collection by",V
Afterlife,Shine (chris coco mix),60020506,T02: 02,0,Afterlife,Speck of gold
"Ramos, monica",Para un angelito,60020509,T10,0,Traveler 01,V
Dephazz,Mambo craze (& pat appleton),60020510,T01: 10,0,Buddha bar 2,V
Trumpet thing,Need you,60020511,T01: 01,0,Buddha bar 2,V
Southern street player,Who keeps changing your mind,60020513,T02: 02,0,"Defected in the house, zouk out singapore 10",V
Slow train,Trail of dawn,60020514,T02: 03,0,Buddha bar 6,V
Ambisonic,Helicopter kinda girl,60020515,T02: 10,0,& still no hits,V
Zzzz_00206,000_Drm 050,60020600,20111012,0,,ZZZ 0206 Drm 050 Superchilled 12
Unknown,Unknown,60020601,T10,0,"Afterlife, free cd with speck of gold 1 of 4, chill",V
9lazy9,Big 6,60020602,T06,0,9lazy9,Sweet jones
Wild beasts,2 dancers 1,60020603,T08,0,"Golden sounds of domino, the, nme presents",V
Deadbeats,Funky for you,60020604,T01: 09,0,Buddha bar 2,V
Unknown,Unknown,60020605,T04,0,"Afterlife, free cd with speck of gold 4 of 4, love",V
"Sawhney, nitin",Nothing,60020606,T02,0,"Sawhney, nitin",Prophecy
Pacific,Break your social system,60020607,T02: 16,0,MOS chillout sessions 11,V
Rude awakening,"Dip, the",60020608,T01: 07,0,"Connected, 15 years of garage city",V
"Espiritu, mr joshua presents",In praise of the sun,60020609,T16,0,"Afterlife, free cd with speck of gold 1 of 4, chill",V
Bliss,Manvantara,60020610,T02: 07,0,Buddha bar 6,V
Pqm,Nameless (& pilgrim soul),60020611,T02: 10,0,Buddha bar 6,V
Bravo mike,Tear in my eye,60020612,T01: 03,0,"Sanchez, roger, release yourself 5",V
"Skakoor, nadirah",Love song,60020613,T01: 01,0,"Sanchez, roger, release yourself 6",V
"Wellons, tamara",Oh well,60020614,T01: 02,0,"Sanchez, roger, release yourself 6",V
Unknown,Unknown,60020615,T03,0,"Afterlife, free cd with speck of gold 4 of 4, love",V
Zzzz_00333,000_Drm 081,60033300,20120510,0,,"ZZ 0333 Adhoc tracks (60033314 is the only track from 333, rest are adhoc addins)"
Uzect plausch,Auto radia,60033314,T05,0,Uzect plausch,More beautiful human life 1
Cosmic baby,Heaven's tears,60033315 (60029908),T05,1,Trancemaster 4,V
Zzzz_00689,000_Dnc 317,60068900,20130910,0,,ZZ 0689 dnc 317 - Supermodified dance 01
"Jackson, michael",In the closet (club mix),60068902,T02,1,"Jackson, michael",In the closet (maxi single cd)
"Michael, george",Flawless (shapeshifter remix),60068904,T02,0,"Michael, george","Flawless, the mixes (single)"
Phuture,Rise from your grave (remix),60068905,T04,0,"Order to dance 4, in",V
Quench,Dreams (deluxe 12' edit),60068906,T11,0,Quench,Sequenchial
Orbital,Oolaa,60068907,T03,0,Orbital,"Orbital (orange, oolaa)"
Ashtrax,Digital reason,60068908,T04,0,Y3k soundtrack to the future,V
Sabres of paradise,Still fighting,60068909,T04,0,Sabres of paradise,Sabresonic 2
Tricky,You don't,60068910,T10,0,Tricky,Maxinquaye
"Clail, gary",Hard left (& tackhead),60068911,T01: 13,0,"15 years in an open boat, a history of onu sound",V
Cabaret voltaire,Crackdown,60068912,T09,0,Cabaret voltaire,Crackdown
Psychic tv,Stick insect,60068913,T11,0,Psychic tv,Towards thee infinite beat
Zzzz_00690,000_Dnc 318,60069000,20131109,0,,ZZ 0690 dnc 318 - Supermodified dance 02
Jakatta,American dream,60069001,T01: 01,0,MOS headliners 02,V
Layers of sound & the demetrios project,Mission,60069002,T01: 02,0,MOS housexy international,V
Distance,Innocence,60069005,T02,0,Funky deep n tribal,V
Plastic avengers,If you wanna be (& gay sutherland),60069006,T04,0,Plastic avengers,Space graffiti
Lexilove,I see you,60069007,T10,0,Y3k soundtrack to the future,V
"Brown, kathy",Joy,60069008,T02: 07,0,MOS dance nation 6,V
Funkygreendogs,Fired up (club 69 future mix),60069009,T02: 11,0,Deeper,V
Du monde,Tomorrow,60069010,T02: 02,0,Trancemaster 19,V
Pig,Blades,60069011,T03: 06,0,Goth industrial club anthems,V
Zzzz_00691,000_Dnc 319,60069100,20131109,0,,ZZ 0691 dnc 319 - Supermodified dance 03
Love roc vs karmen ellis,18 again,60069101,T03,0,"Summer breeze, glasgow underground presents, kevin mckay",V
Ritmo / Redanka / Starecase,G13 / No frills / Hopeless (1st 7 mins),60069102,"T08,09,10",0,"Vital progressive house, declan lee",V
Rae & christian,Divine sounds,60069103,T01,0,Rae & christian,Northern sulphuric soul
Coldcut,Atomic moog 2000,60069104,T02,0,Coldcut,Let us play
Loudeast,Lights off,60069105,T01,0,Funky deep n tribal,V
Antarctica,Adrift,60069106,T02: 03,0,Reactivate 17,V
Aura,White boy,60069107,T02: 06,0,Trance pioneers 2,V
"Flemming, john oo",Lost in emotion,60069108,T01: 08,0,Reactivate 16,V
Front 242,Offend,60069109,T08,0,Front 242,05:22:09:12 off
Tones on tail,War,60069110,T01,0,Tones on tail,Night music
Zzzz_00692,000_Drm140,60069200,20131109,0,,ZZ 0692 drm 140 - Superchilled 14
Future pilot aka,Pink city (& bill wells),60069201,T01: 02,0,"Future pilot aka, vs a galaxy of sound",V
Bomb the bass,Bug powder dust (k & d tm instrumental),60069202,T06,0,"Faithless, back to mine",V
Dub mix convention,World cup,60069203,T02: 11,0,Chillout basscapes,V
Solid state,56k,60069204,T11,0,"Evolutionary vibes 3, the evolution will not be televised",V
"L, johnny",This time,60069206,T03,0,Jungle jazz 1,V
Limos,"Night goes on, the",60069208,T01: 08,0,Deeper,V
"Cole, mj",Tired games,60069209,T02,0,"Cole, mj",Sincere
Only child,Rain,60069210,T01: 08,0,Central heating 1,V
Bent,Swollen,60069211,T10,0,Cafe del mar 7 (siete),V
Mercury rev,Chasing a bee,60069213,T01: 01,0,Mercury rev,"Yerself is steam, special edition"
Zzzz_00693,000_Dnc 320,60069300,20140427,0,,"ZZZZ 0693 Dnc 317, 80s, 90s Industrial dance"
Excessive force,Violent peace,60069302,T01: 05,0,"Waxtrax, the black box, 13 years of waxtrax",V
Project pitchfork,Song of the winds,60069303,T03,0,We came to dance 2,V
Clock dva,Bitstream,60069304,T04,0,Contemporary 91,V
"Fair sex, the","Not now, not here",60069305,T05,0,We came to dance 2,V
Para cont,D ranged,60069306,T15,0,We came to dance 6,V
Steril,Egoist,60069307,T12,0,We came to dance 6,V
Clock dva,Beautiful losers,60069308,T02,0,Clock dva,Advantage
Cyberaktif,Nothing stays,60069309,T02: 12,0,"Waxtrax, the black box, 13 years of waxtrax",V
Front 242,Break me (& female),60069310,T09,0,Front 242,Mutagemixage
Schnitt acht,Crouch,60069311,T12,0,Body rapture 2,V
Nitzer ebb,Kia (pk mix),60069312,T10,0,Nitzer ebb,Belief
Frontline assembly,Transmutation,60069313,T01,0,Total 01,V
Controlled bleeding,Auto grind,60069314,T03,0,Controlled bleeding,Penetration
Clock dva,Sound mirror,60069315,T04,0,Clock dva,Collective
Christian death,Romeo's distress,60069316,T02: 08,0,Goth industrial club anthems,V
Zzzz_00777,,60077700,20141116,0,"Superbalanced, at least",ZZ 0777 - deep house 01
Fraud star,Work that,60077701,T03: 09,0,"Balance 007, chris fortier",V
"Richards, eddie","M, baby",60077702,T01: 03,0,Balance 009,V
"Clement, mark","Tunnel, the",60077703,T01: 08,0,Balance 008,V
Sugarbabes,Round round (mandy mix),60077704,T09,0,"Mandy, 12 great remixes for 11 great artists",V
Cube guys,Te quiero,60077705,T01: 10,0,"Sanchez, roger, release, yourself 4",V
"Saul, will",Teddy's back (& tam cooper),60077706,T03: 16,0,"Balance 015, will saul",V
Sunshine jones,If you wouldn't mind,60077707,T02: 06,0,"Renaissance, danny howells, mix selection",V
Geiom,Reminissin (& marita),60077708,T03: 05,0,"Balance 015, will saul",V
Azymuth,Space jazz carnival,60077709,T01: 12,0,"Renaissance, danny howells, mix selection",V
Pangaea,Router,60077710,T02: 19,0,"Balance 015, will saul",V
Timewriter,Lion steps,60077711,T01: 13,0,Balance 009,V
"Gilmour, david, girls",Crackhousewarmingparty,60077712,T03: 14,0,"Balance 007, chris fortier",V
Quivver,Orgazoid (mix 2 mix),60077713,T02: 04,0,Bedrock 12 by digweed,V
Zzzz_00913,,60091300,20151228,0,,ZZ 0913 - deep house 02
"Goze, christophe",Ja vidi,60091301,T06,0,"6 degrees collection, arabian travels 2",V
New phunk theory,Honey falls,60091304,T08,0,New phunk theory,Just a phase
"Blond, christine",Love shy,60091305,T03,0,"Speed garage underground london, tuff & jam",V
Vin zee,Funky be bop,60091307,T04: 07,0,Grand 12 inches 6,V
Phat kat inc,If you wanna,60091308,T10 (60086102 9:06 to end),0,"Speed garage underground london, tuff & jam",V
"Moses, teedra",You'll never find a better woman,60091310,T02,0,"Moses, teedra",Complex simplicity
Cicada,Tricks,60091311,T01: 14,0,Serve chilled 2007,V
"Stelar, parov",Kisskiss,60091312,T08,0,Hotel costes 8,V
"Moses, teedra",Be your girl (perempay & dee mix),60091313,T20 (60086609 10:33 to end),0,"Rinse 10, marcus nasty",V
Dj fluid,Presence,60091315,T13,0,Sounds of om 4,V
Zzzz_00914,,60091400,20151228,0,,ZZ 0914 - deep house 03
Rithma,Flying over the city,60091402,T05,0,United nations of future music 1,V
Lv,I know (& joshua idehen),60091403,T01,0,Lv,Routes (& joshua idehen)
Hercules & love affair,You belong,60091404,T03,0,Hercules & love affair,Hercules & love affair
Romanthony,Ministry of love,60091405,T02: 03 (60084604 0:00 - 5:30),0,"United dj's of america 4, frankie knuckles",V
Fred everything,Howdy (& vs banzai republic),60091407,T02,0,United nations of future music 1,V
Hypnos,Red light,60091409,T01: 05 (60085503A 5:15 - 10:15),0,Balance 011,V
Willzoid,Picadilly circuits,60091410,T15 (60083509 0:00 -2:57),0,"Body language 01, by mandy",V
Lcd soundsystem,1 touch,60091411,T03,0,Lcd soundsystem,This is happening
Luzon,"Baguio track, the",60091413,T01: 10 (60084406 15:11 to end),1,Balance 001,V
Zzzz_00915,000_Def 189,60091500,20160410,0,,ZZ 0915 Def 189 GC to CC faves 1
"Hawkshaw, kirsty",Sanctuary,60091501,T02: 09,0,"Big chill 2, enchanted",V
"Clail, gary",Beef,60091502,T09,0,"Clail, gary",Emotional hooligan
"King, evelyn champagne",Slowdown,60091506,T02: 01,0,"King, evelyn champagne",Long time coming
Royksopp,What else is there,60091508,T07,0,Royksopp,"Understanding, the"
Leftfield,Song of life,60091511,T01,0,Trance 2,V
Phew,Signal,60091513,T02,0,Phew,Phew
Zzzz_01041,000_Dnc 433,60104100,20161227,0,,ZZ 1041 dnc 433 solid pleasure 1 of 3
28th street crew,O,60104102,T01,0,MOS 3,V
Fk,Hypnodelic,60104106,T02: 02,0,MOS 6,V
Roxy music,Angel eyes (12 inch),60104110,T02,0,"Ferry, bryan & roxy music","Right mixes, the"
Heaven 17,Play to win,60104111,T01: 10,0,12” 80s electropop,V
Zzzz_01042,000_Dnc 434,60104200,20161227,0,,ZZ 1042 dnc 434 solid pleasure 2 of 3
"O'neal, alexander",Criticise (extended remix),60104207,T06,0,"O'neal, alexander",Icon
Dream academy,"Love parade, the (extended)",60104209,T10,0,Retro active 2,V
"Downing, will","Love supreme, a",60104212,T03: 08,1,12” 80s grooves,V
Severed heads,Dead eyes opened (6:28),60104213,T02: 07,0,"Metal dance, industrial postpunk rarities 80 to 88 vol 1",V
Zzzz_01043,000_Dnc 435,60104300,20161227,0,,"Z 1043 dnc 435 solid pleasure 3 of 3, chicago house"
"Imperial, mark",J'adore danser (club mix),60104301,T03: 08,1,"History of the house sound of chicago, the",V
"Mclaren, malcolm",Deep in vogue (bantje realness mix),60104302,T03,0,"Mclaren, malcolm",Deep in vogue (& the house of mclaren) (cd maxi)
Billie,Nobody's business (radio mix),60104303,T10: 09,1,"History of the house sound of chicago, the",V
Libra libra,I like it,60104304,T07: 04,1,"History of the house sound of chicago, the",V
Mink,What does it take (fashion mix),60104305,T10: 03,1,"History of the house sound of chicago, the",V
Movement,"Movement, the",60104306,T09: 09,1,"History of the house sound of chicago, the",V
Thompson & lenoir,Can't stop the house,60104307,T10: 10,1,"History of the house sound of chicago, the",V
Jellybean,"Real thing, the (& ft steven dante) (west 26th street mix)",60104308,T12: 02,1,"History of the house sound of chicago, the",V
Kenny d,Everything bamboo (club version (& tommy musto),60104309,T09: 07,1,"History of the house sound of chicago, the",V
Krush,"House arrest, the beat is the law",60104310,T13: 04,1,"History of the house sound of chicago, the",V
"2 puerto ricans, a blackman & a dominican",Do it properly (def mix),60104311,T09: 06,1,"History of the house sound of chicago, the",V
Farm boy,Sway,60104312,T03: 06,1,"History of the house sound of chicago, the",V
Zzzz_01044,,60104400,20170418,0,,Z 1044 Car CD 15
Tiny tunes,Will you catch me,60104401,T10,0,Cafe del mar 8 (ocho),V
"Gopher, alex","Child, the (faze action party mix)",60104402,T03,0,"Fashion tv, spring summer 2001 collection",V
Atm,Slow dive,60104403,T02: 09,0,Central heating 1,V
"Sinclair, bob","Beat goes on, the",60104404,T01: 01,0,MOS clubbers guide to 2003,V
"Germain, st",Sure thing,60104405,T06,0,"Germain, st",Tourist
Dread flimstone,From the ghetto (& the modern tone age family & jah t),60104406,T01: 02,0,Back to love,V
Tosca,Gute laune (& tweed),60104407,T01: 03,0,Tosca,Delhi9
Crazy penis,There's a better place,60104408,T10,0,"Suite royale, st moritz vibes 2",V
Sabres of paradise,Wilmot's last skank,60104409,T02: 08,0,"Dusk at byron bay, sharif galal",V
"Malik, peter",Strange transmissions (norah jones),60104410,T02: 03,0,Disco kandi,V
Steve mac,Loving you more (& vs mosquito & steve smith),60104412,T01: 14,0,"MOS annual 2006, the",V
"Deluxe, tim",Let's talk more action,60104413,T01: 05,0,Absolute,V
Zzzz_01046,000_Dnc 437 Car Cd016,60104600,20170515,0,,Z 1046 Car CD 16
"Mantronik, kurtis",How did you know (& chamonix),60104602,T01: 10,0,Absolute,V
Roc project,Never (& tina arena),60104603,T02: 07,0,Absolute,V
Saturated soul & miss bunty,Got to release,60104607,T01: 06,0,Disco kandi,V
"Sawhney, nitin",Lately,60104608,T01: 08,0,"Sawhney, nitin",All mixed up
Aztech sol,Tropicasa,60104609,T02: 10,0,"Nu york nite life, joeski & onionz",V
"Jerk house connection, dj boo presents",Mother blues,60104610,T02: 04,0,Buddha bar 8,V
"Rockit, dr",Cafe de flore (charles webster mix),60104613,T11,0,Hotel costes 4,V
Zzzz_01047,000_Dnc 438 Car Cd017,60104700,20170515,0,,Z 1047 Car CD 17
Afro dub,Hidden id,60104701,T01: 11,0,"Buddha bar 2, spirit of, siddharta",V
Supervielle,Perfume,60104702,T02: 06,0,Buddha bar 7,V
Disco montego,Beautiful,60104704,T02: 02,0,"MOS chillout sessions 3, the",V
"Levin, georg & clara hill",I got somebody new,60104707,T02: 14,0,"Sonar kollektiv, 10 years, who cares",V
Aya,Sean,60104708,T02: 01,0,Beach house,V
Soul searcher,Feeling love,60104711,T03: 13,0,"Mix summer 2006, the",V
Unknown,It's never enough,60104712,T03,0,"Unknown, orange cd",V
Stonebridge,Pull em high (& therese),60104713,T01: 05,0,Hed kandi world series 3,V
Stonebridge,Clorophilla (& isabel frustuoso),60104714,T01: 08,0,Hed kandi world series 3,V
Dajae,Brighter days,60104715,T03: 14,0,"Mix summer 2006, the",V
"Bucketheads, the",Got myself together (ep),60104716,T03,0,"Bucketheads, the",Got myself together (ep)
Zzzz_01048,000_Dnc 439 Car Cd018,60104800,20170515,0,,Z 1048 Car CD 18
Friendly fires,Exlover,60104801,T10,1,Friendly fires,Friendly fires
Soul central & billie,In10city,60104802,T02: 02,1,Urban house,V
"Staple sisters, the",I'll take you there,60104803,T02: 16,0,"Stax, 50th anniversary celebration",V
Slowspeme,Granada,60104804,T06,0,Hotel costes 4,V
Roachford,River of love,60104805,T02: 10,0,Beach house,V
"Sinclair, bob",World hold on (& steve edwards),60104806,T01: 02,0,"Mix summer 2006, the",V
Love tattoo,History of disco pt 2,60104807,T01: 01,0,"Tong, pete, essential selection",V
"Head, larry & mr white","Sun can't compare, the",60104808,T02: 16,0,"Layo & bushwacka, global underground 33, rio",V
"Robertson, dave & jon gurd","Rendition, the",60104809,T02: 08,0,"Miami 2006, azuli presents",V
Massive attack,Safe from harm,60104810,T01,0,Massive attack,Blue lines
Bongoloverz & ursula cuesta,La esperanza,60104811,T02: 08,0,Buddha bar 8,V
Till west & dj delicious,Same man,60104812,T01: 06,0,"Fanciulli, nic, 2, renaissance presents",V
Unknown,I feel love,60104813,T02,0,"Unknown, orange cd",V
Soul boy,Harmonica track,60104814,T01: 25,0,"Layo & bushwacka, global underground 33, rio",V
"Enochson, markus",For you to see,60104815,T02: 08,0,"Sonar kollektiv, 10 years, who cares",V
Zzzz_01049,000_Dnc 440 Car Cd019,60104900,20170515,0,,Z 1049 Car CD 19
Sandy b,Feel like singing,60104901,T01: 01,0,"Connected, 15 years of garage city",V
Colette,Didn't mean to turn you on,60104902,T01: 04,0,"Miami 2006, azuli presents",V
"James, david","Permanent state, a",60104903,T01: 10,0,"Faith 1, house classics past & present, terry farley & bill brewster",V
"Rush, donell",Symphony,60104905,T01: 02,0,"Connected, 15 years of garage city",V
Dj gregory,Attend 1,60104906,T02: 07,0,"Dj gregory, fayacombo sessions mixed by",V
Plantive,Luv me till it hurts,60104911,T01: 03,0,"Lust, jeoy negro, a personal collection by",V
"Hall, ron","Way you love me, the (& the muthafunkaz & marc evans)",60104912,T03: 07,0,"Connected, 15 years of garage city",V
Nova fronteira,Vox humana,60104913,T02: 05,0,"Lust, jeoy negro, a personal collection by",V
Zzzz_01050,000_Dnc 441 Car Cd020,60105000,20170526,0,,Z 1050 Car CD 20
Dj gregory,Don't know,60105002,T02: 03,0,"Dj gregory, fayacombo sessions mixed by",V
Random soul,Key to soul,60105003,T09,0,"Resouled, jayj",V
40 thieves,Don't turn it off (& qzen),60105004,T02: 08,0,MOS chillout sessions 11,V
Wookie,Live on (& iain),60105005,T02: 13,0,"Connected, 15 years of garage city",V
Blaze,Lovely day,60105006,T12,0,Sounds of om 6,V
Datar,B,60105007,T02: 06,0,Miami underground,V
"Romero, harry choo choo",I go back (& robert owens),60105008,T03,0,"Romero, harry choo choo",That beat
"Michael, justin",Funky love (& jackie wilson),60105009,T03,0,"Resouled, jayj",V
Sis n jones,Jami (& isak),60105010,T02: 03,0,Buddha bar 12,V
Slow train soul,Naturally,60105011,T12,0,Rasamello 3,V
Iz,Magnificent (& diz),60105012,T01: 08,0,"Om 10, a decade of future music",V
Midnight juggernauts,Shadows,60105013,T01: 04,1,Midnight juggernauts,Dystopia
Filur,You & I,60105014,T01: 15,1,"Buddha bar 3, spirit of, siddharta",V
Zzzz_01051,000_Dnc 442 Car Cd021,60105100,20170626,0,,Z 1051 Car CD 21
Friendly fires,Paris,60105101,T03,1,Friendly fires,Friendly fires
Quarion,I found you on facebook,60105102,T16,1,Hotel costes 14,V
"Vegas, timmy",Timmy's choir (& twinkie clark),60105103,T09,1,"Knuckles, frankie",Motivation too
"Daniels, mischa",Take me higher,60105104,T02: 03,1,Future music festival 2007,V
"Mitchell, vernessa","Took my life, turn it all around",60105105,T10,1,"Knuckles, frankie",Motivation too
"Layton, lindy",We got the love,60105106,T01: 06,1,"Humphries, tony, moments in house",V
Track n field,We was so close,60105107,T02: 03,1,Serve chilled 1,V
Moon & benk,Pimp my style,60105108,T02: 04,1,Serve chilled 1,V
"Wyatt, marques",For those who like to get down,60105109,T03: 09,1,"Om 10, a decade of future music",V
Sole fusion,We can make it,60105110,T10,1,Strictly rhythm 1,V
Groove committee,I need someone,60105111,T07,1,Best of rave 3,V
"Malone, debbie",Running from my love,60105112,T06,1,Pulsating rhythms 3,V
Cappella,Hely on habib,60105113,T03,1,Italia,V
Ground level,Dreams of heaven,60105114,T10,1,Pulsating rhythms 4,V
Zzzz_01052,000_Dnc 443 Car Cd022,60105200,20170709,0,,Z 1052 Car CD 22
"Latin kings, the",I want to know,60105201,T13,0,Nervous ny,V
Kklass,What you're missing,60105202,T08,0,Kklass,Universal
Erire,I just can't give you up,60105203,T05,0,Pulsating rhythms 3,V
Analogical,Camille,60105204,T01: 03,0,Trance europe express 2,V
Roach motel,Happy bizzness,60105205,T02: 05,0,House of handbag,V
Jam & spoon,Right in the night,60105206,T08,0,Jam & spoon,Tripomatic fairytales 2001
Love happy,Message of love,60105207,T01: 15,0,MOS 4,V
Morel's grooves,Everybody sing along,60105208,T07,0,Strictly rhythm 5,V
Hardrive,Deep inside,60105209,T01,0,Strictly rhythm 2,V
Agora,Montayo,60105210,T06,0,MOS 3,V
Voices,Voices in your mind,60105211,T10,0,MOS 3,V
Deep dish,"Dream, the (sharam)",60105212,T06,0,Can your pussy do the dog,V
Jam & spoon,Odyssey to anyoona,60105213,T02,0,Jam & spoon,Tripomatic fairytales 2001 
Zzzz_01053,000_Dnc 444 Car Cd023,60105300,20170712,0,,Z 1053 Car CD 23
"Washington, joey",Watching you,60105301,T03,0,Strictly rhythm 2,V
"New dance republic, the",Take it to the top,60105302,T07,0,MOS 1,V
Coldcut,Leaving home,60105303,T05,0,Coldcut,Philosophy
Dj pierre,Fall,60105304,T10,0,Strictly rhythm 3,V
Black magic,Freedom,60105305,T03,0,Strictly rhythm 5,V
"Knuckles, frankie",Tears,60105306,T06,0,Ffrr silver on black,V
Gypsy,Funk de fino,60105307,T01,0,House of limbo 2,V
Loop 7,"Theme, the",60105308,T01,0,Strictly rhythm 4,V
"Fleming, rochelle",Suffer the consequences,60105309,T02: 08,0,MOS 5,V
Electribe 101,Diamond dove,60105311,T05,0,Electribe 101,Electribal memories
"English, kim",Nite life,60105312,T08,0,MOS 3,V
Eternal,Mind odyssey,60105313,T08,0,Tequila slammers & the jump jump groove generation,V
Zzzz_01054,000_Dnc 445 Car Cd024,60105400,20170714,0,,Z 1054 Car CD 24
"B, sheila",Spacer,60105401,T17,0,Disco inferno,V
Klf,3am eternal / Church of the klf,60105402,"T03,04",0,Klf,White room
"Cheatham, oliver",Get down saturday night,60105403,T02: 05,0,Grand 12 inches 1,V
1 way,You can do it (& al hudson),60105404,T04: 03,0,Grand 12 inches 3,V
El debarge,You wear it well (& debarge),60105405,T08: 17,0,"Motown number ones box, the complete",V
"Jiani, carol",Hit n run lover,60105406,T03: 03,0,Grand 12 inches 1,V
"Buzzard's, dr, original savannah band","Cherchez la femme, se si bon",60105407,T06,0,"Buzzard's, dr, original savannah band","Cherchez la femme, the very best of dr buzzard's original savannah band"
"Holloway, loleatta",Strong enough,60105408,T01,0,Strong enough,V
Daphne,Change,60105409,T01: 01,0,Housetrained,V
Friendly fires,Chimes,60105411,T10,0,Friendly fires,Pala
Zzzz_01055,000_Dnc 446 Car Cd025,60105500,20170721,0,,Z 1055 Car CD 25
Tatjana,Santa maria,60105501,T08,1,Central energy 2,V
Club 69,Always unique,60105502,T02,1,Twisted world,V
"Calliari, marco",We no speak no americano (montreal house mafia mix),60105503,T01: 19,1,"MOS annual 2011, the",V
Masters at work,Work (dj gregory soma work the walk mix),60105504,T05,1,Rasa exotica 2,V
Ground level,Pray,60105505,T03,1,Ground level,New moon
51 days,Paper moon,60105506,T01: 16 (& 05-35 on trk 15),1,"Renaissance, mix collection, the, mandy",V
Nu yorican soul,"Nervous track, the",60105507,T09,1,MOS 2,V
Underground distortion,Give ya funk,60105508,T14,1,Speed garage classics,V
Friendly fires,Blue cassette,60105509,T02,1,Friendly fires,Pala
Captain hollywood project,More & more,60105510,T06,1,Pulsating rhythms 5,V
49er's,Shadow remix,60105511,T07,1,49er's,49er's
Snap,"Power, the",60105512,T01,1,Snap,World power
Nu yorican soul,It's alright I feel it,60105513,T02: 02,1,MOS 8,V
Moonrock,Ill street blues,60105514,T13,1,Cafe del mar 6 (seis),V
"Hick, hinda",Trully,60105515,T01: 12,1,Kiss smooth grooves summer 99,V
Zzzz_01056,000_Dnc 447 Car Cd026,60105600,20170723,0,,Z 1056 Car CD 26
"Campbell, john",Nice & slow,60105601,T01: 10,0,MOS 8,V
"Bristol, brian",Bet I get you hot,60105602,T02: 11,0,MOS 8,V
Corona,You gotta be movin,60105603,T13,0,Corona,"Rhythm of the night, the"
Celeda & the heavy hitters,Messin with my mind,60105604,T08,0,Twisted world,V
Serial diva,Keep hope alive,60105605,T02: 12,0,MOS 7,V
"Austin, patti",Reach,60105606,T01: 01,0,"Racic, robert",V
Boom,Keep pushin (boris dlugosch presents),60105607,T02: 01,0,Dancenet 2,V
"Bell, norma jean",I'm the baddest bitch,60105608,T06,0,Garage divas,V
"Knuckles, frankie",Welcome to the real world,60105609,T02,0,"Knuckles, frankie",Welcome to the real world (& adeva)
Secret life,I want you,60105610,T15,0,"Pulsating hits, the best of pulse8 1990 to 1995",V
"Waters, crystal",Who taught you how,60105611,T09,0,"Underground frequencies 2, tuff jam presents",V
Friendly fires,True love,60105612,T08,0,Friendly fires,Pala
Faze action,Samba,60105613,T02,0,"Allkins, stephen, dj superstar",V
Neon heights,16 again,60105614,T04,0,"Summer breeze, glasgow underground presents, kevin mckay",V
Zzzz_01057,000_Drm 190 ,60105700,20170826,0,,ZZ 1057 Best of ambient 1
Neville brothers,With god on our side,60105702,T06,0,Neville brothers,Yellow moon
Baraka,Soundtrack,60105703,T01,0,Baraka soundtrack,V
"Hazel, paul",Gene pool,60105704,T02: 02,0,Chillout or die 2,V
Nightmares on wax,Dread overboard,60105705,T02,0,Nightmares on wax,Smoker's delight
Dj krush,Big city lover,60105706,T11,0,Dj krush,Krush
Massive attack,3,60105707,T03,0,Massive attack,Protection
Trance groove,Paris,60105708,T04,0,Voodoo roux,V
Global communications,0.402083333,60105710,T01: 04,0,Global communications,3.176388889
"Srinivas, u",Dream,60105712,T04,0,"Srinivas, u",Dream (& michael brook)
Zzzz_01058,000_Dnc 448,60105800,20170827,0,,ZZ 1058 Best of dnc 1
Shy fx,Original gangster (& gunsmoke),60105802,T07,0,Law of the jungle,V
Rhythm invention,Tokyo,60105803,T02,0,Warp sampler 94,V
C & c music factory,Hiphop express,60105804,T13,0,C & c music factory,Anything goes
Rocco / Trick,Roots 4 acid / Easy (& kubic & valeska),60105805,"T09,10",0,"Transitions 1, john digweed",V
Malaria,You you (& sun electric),60105806,T04,0,Malaria,Delirium remixed
"Tucker, barbara","I get lifted (boyd slam the organ mix, dj mix)",60105807,T02: 05,0,MOS 4,V
"Beltram, joey",Orion,60105808,T09,0,Warp sampler 94,V
Headman,Work my mind,60105809,T11,0,Adrenalin 6,V
"Xmix 2, trk 1",Unknown,60105810,T01 (1 of 4 18.30 - 29.0),0,Xmix 2,V
Zzzz_01059,000_Dnc 449,60105900,20170827,0,,ZZ 1059 Best of dnc 2
C & c music factory,Silent lover,60105902,T10,0,C & c music factory,World beat madness
"Namlook, pete",Darkside of the moog 3 pt 5 (& klaus schutze),60105903,T02: 06,0,"Essential mix show, mixed by snap",V
Shakespears sister,Black sky,60105904,T09,0,MOS 1,V
Castle trancealot,Indoctrinate,60105907,T02: 05 (-3.15 – 0. Trk 06- 0 - -4.20),0,Hardware 3,V
Paradise 3001,Sunspots,60105910,T05,0,Galaxie 1,V
Compassion family,Steady wisdom,60105911,T02: 02,0,Trancecentral 5,V
Transa,Transtar,60105912,T02: 02,0,Reactivate 15,V
Zzzz_01060,000_Dnc 450 Car Cd027,60106000,20170917,0,,Z 1060 Car CD 27
Funkygreendogs,Body,60106001,T01,0,Funkygreendogs,Star
"Ingram, james",Lean on me,60106002,T01: 09,0,MOS sessions 12,V
3olours,Sonice (& cannus),60106003,T01: 12,0,"Sanchez, roger, release, yourself 4",V
"Womack, bobby",I still love you,60106004,T03,0,"Womack, bobby","Last soul man, the"
Lucenzo,Danza kuduro (& feat don omar),60106005,T03: 06,0,MOS annual 2012,V
Jamestown,I believe,60106006,T02: 06,0,Street fm 1,V
Mysterious people,Fly,60106007,T01: 14,0,MOS sessions 12,V
"Gaines, rosie",Closer than close (tuff jams unda vybe mix),60106008,T01: 01,0,"Speed garage, this is",V
C & m productions,"Vision, the",60106009,T11,0,Singapore tribal,V
Deep south,Lemon puff,60106010,T01: 12,0,"MOS late night sessions 2, xpress2",V
"Stelar, parov",Kiss me twice,60106011,T08,0,Hotel costes 9,V
Blank & jones,Where you belong (poolside house mix),60106012,T10,0,"Buddha bar 5, spirit of, siddharta budapest",V
Badmarsh & shri,Day by day (axus rerub),60106013,T02: 04,0,Real ibiza 5,V
Nemo,Darkest day,60106014,T01: 03,0,Real ibiza 5,V
Dubtribe sound system,Do it now (ibizarre mix),60106015,T01: 10,0,Real ibiza 5,V
Zzzz_01061,000_Dnc 451 Car Cd028,60106100,20170917,0,,Z 1061 Car CD 28
"Jacksons, the",Walk right now,60106101,T02: 09,0,Grand 12 inches 4,V
"Limit, the",Say yeah,60106102,T02: 10,0,Grand 12 inches 2,V
Sister sledge,He's the greatest dancer (extended),60106103,T01: 08,0,Grand 12 inches 4,V
Haywoode,Getting closer,60106104,T02: 09,0,Dance classics 21 & 22,V
"Mazelle, kym",Was that all it was (def mix),60106105,T02,0,"Mazelle, kym",Was that all it was (single)
"Fingers, mr",What about this love (6:37),60106106,T10,0,"Fingers, mr",Introduction
Nuance,Loveride,60106107,T01: 08,0,Dance classics 21 & 22,V
Colonel abrams,How soon we forget,60106108,T02: 02,0,Dance classics 21 & 22,V
Manhattan transfer,Twilight zoner,60106109,T03: 08,0,Grand 12 inches 2,V
Zzzz_01062,000_Dnc 452 Car Cd029,60106200,20170917,0,,"ZZZ 1062 Car CD 29, chilled dance"
Suba,Felicidada,60106201,T06,0,"Funky lowlives, the, ascension presents",V
"Pooley, ian",Sundowner,60106202,T11,0,"Pooley, ian",Since then
Coco steel & lovebomb,Disco dub,60106203,T03,0,Coco steel & lovebomb,It
Jaffa,Elevator,60106204,T02: 02,0,Deeper,V
"Scruff, mr",Get a move on,60106205,T01: 01,0,"Big chill 1, the",V
Gentle people,Travel bug (kaminsky experience remix),60106206,T05,0,Gentle people,Mix gently
Niko,Womb,60106207,T15,0,Hotel costes 9,V
"Moses, teedra",Caught up,60106208,T12,0,"Moses, teedra",Complex simplicity
"Rah band, the",Clouds across the moon,60106209,T02: 03,0,Grand 12 inches 5,V
Ybu,Soul magic 98 (& rae & christian),60106210,T02: 04,0,Freezone 5,V
Revtone,"Brightest thing, the (& justin robertson presents)",60106211,T06,0,Nuphonic 04,V
Schmoov,Taking me over,60106212,T02: 10,0,Serve chilled 2007,V
Zzzz_01063,"000_Dnc 453, best of dnc 3",60106300,20170917,0,,ZZ 1063 Best of dnc 3
Dudja,Never tell what you think,60106301,T01: 10,1,Trancemaster 23,V
Little green men / Blackwatch,Need / Gentle rain (& greed),60106302,"T02: 07,08 (2-5 1:50 - 2-8 1:20)",0,Balance 003,V
Elbee bad,Just don't stop the dance,60106304,T01: 23,0,Get physical 7th anniversary by mandy,V
Dusk n prayd / Elektrochemie lk,Playing with fire / Lay here,60106305,"T02: 05,06",0,Balance 011,V
Stereo brains,Luna,60106306,T03: 18 (& a bit of 17),0,Balance 013,V
Balance 014,T02: 11,60106307,T02: 11,0,Balance 014,V
Magnetic man,"Bug, the",60106309,T01: 05,0,Magnetic man,Magnetic man
Zzzz_01064,"000_Dnc 454, best of dnc 4",60106400,20170917,0,,ZZ 1064 Best of dnc 4
Mia,Paper planes,60106401,T01: 16,0,"Hottest 100 15, 2jjj's",V
Yeah yeah yeahs,Buried alive (& dr octagon),60106402,T08,0,Yeah yeah yeahs,Mosquito
Royksopp,This must be it (apparat mix),60106403,T12,0,"Watergate 05, ellen alien",V
Pet shop girls,West end girls (extended),60106404,T03: 01,0,Grand 12 inches 4,V
Wire,Ahead,60106405,T02,0,Wire,"Ideal copy, the"
Magnum,Rocking chair,60106406,T01: 11,0,"Rock collection, the, rock inferno",V
Arcade fire,Reflektor,60106407,T01: 01,0,Arcade fire,Reflektor
"The, the",Sweet bird of truth,60106408,T05,0,"The, the",Infected
"Winner, jean",Alive & kicking (zimmer remix),60106409,T03: 10,0,"Eskimonde, a decade of eskimo recording",V
Banco de gaia,Kincajou,60106410,T01: 05,0,Banco de gaia,Last train to lhasa
Zzzz_01065,000_Dnc 455,60106500,20170917,0,,ZZ 1065 Best of dnc 5
"The, the",Infected,60106501,T01,0,"The, the",Infected
Jam & spoon,Follow me (extended),60106502,T04: 10,0,Grand 12 inches 4,V
Act,Under the nights of germany,60106503,T07,0,Act,"Laughter, tears & rage"
Yazz,"Only way is up, the (wip remix)",60106504,T19,0,Yazz,At her very best & all the greatest hits
Break machine,Street dance,60106505,T02: 09,0,12” 80s electropop,V
Shakatak,Down on the street (6:37),60106506,T01: 01,0,Dance classics 51 & 52,V
Propaganda,Loved,60106507,T06,0,Propaganda,Wishful thinking
"The, the",Slow train to dawn,60106508,T06,0,"The, the",Infected
"Soul searchers, the",Family affair (& chuck brown) / Take the gogo train (& chuck brown),60106509,"T09,10",0,"Soul searchers, the",Go go swing live (& chuck brown)
Seduction,Heartbeat (c & c club mix),60106510,T02,0,Seduction,Heartbeat (single)
Kool rock jay & the dj slice,It's a black thing (extended mix),60106511,T15,0,West 25th classics 1,V
Zzzz_01066,000_Drm 191,60106600,20170917,0,,ZZZ 1066 Best of ambient 2
Empire of the sun,We are the people,60106601,T04,0,Empire of the sun,Walking on a dream
Prefab sprout,"Ice maiden, the",60106602,T02: 15,0,Prefab sprout,"Kings of rock & roll, the best of prefab sprout"
"Heywood, nick & haircut 100",Love plus 1,60106603,T01: 02,0,"Heywood, nick & haircut 100","Favourite songs, the best of"
"Hall, daryl & john oates",She's gone,60106604,T01: 01,0,"Hall, daryl & john oates","Essential daryl hall & john oates, the"
"Ferry, bryan & roxy music",Slave to love (remix),60106605,T05,0,"Ferry, bryan & roxy music","Right mixes, the"
"Sundays, the",Here's where the story ends,60106606,T02,0,"Sundays, the",Reading writing & arithmetic
House of love,Beatles & the stones,60106607,T03,0,House of love,House of love (1990)
Hall & oates,I can't go for that (extended),60106608,T01: 03,0,Grand 12 inches 6,V
"Cars, the",Drive,60106609,T02,0,"Drivetime classic hits, daily mail",V
"Jackson, michael",Remember the time (new jack jazz mix 21),60106610,T08,0,"Jackson, michael",In the closet (maxi single cd)
Vampire weekend,Step,60106611,T03,0,Vampire weekend,Modern vampires of the city
"Bonnet, graham",Warm ride,60106612,T02: 11,0,"Rock collection, the, rock inferno",V
"Hall, daryl & john oates",Do it for love,60106613,T02: 17,0,"Hall, daryl & john oates","Essential daryl hall & john oates, the"
Prince,Purple rain,60106614,T18,0,Prince,"Hits 2, the"
Zzzz_01067,000_Drm 192,60106700,20170917,0,,ZZ 1067 Best of ambient 3
Biosphere,Startoucher (dub mix),60106701,T02: 04,0,Chillout basscapes,V
Burial,Untrue,60106702,T08,0,Burial,Untrue
"Roach, steve",Nightshade (& robert rich),60106703,T02,0,"Roach, steve",Soma (& robert rich)
He said,Pump,60106704,T01,0,He said,Hail
Kode9,Ghost town (& the spaceape),60106705,T02: 07,0,"Hyperdub, 5 years of",V
Banco de gaia,Drippy,60106706,T01,0,Banco de gaia,Big men cry
Jagwar ma,Did you have to,60106707,T01: 10,0,Jagwar ma,Howlin
He said,Do you mean that,60106708,T08,0,He said,Hail
Burial,Prayer,60106709,T11,0,Burial,Burial
Zzzz_01068,000_Drm 193,60106800,20170917,0,,ZZ 1068 Best of ambient 4
"Linder, krister",I love you,60106802,T05,0,"Linder, krister",Songs from the silent years
Jefferson,Feeling the sun (& sarahjane),60106803,T02: 09,0,Eco zen,V
Sound,Emerald,60106804,T02: 06,0,"Big chill 1, the",V
Future sound of london,"Lovers, the",60106805,T01,0,Future sound of london,"Isness, the"
"Gentle people, the",Journey,60106806,T02,0,Future sound of jazz 2,V
Polished chrome,Outside,60106807,T12,0,"Calm ibiza, pure ibiza chillout",V
Cdm,Many rivers to cross,60106809,T09,0,Cafe del mar 9 (nueve),V
Fenomenon,Pacific memories,60106810,T02: 07,0,Serve chilled 59,V
"Roach, archie",Small child,60106811,T15,0,"Roach, archie","Definitive collection, the"
Audio active,Free the majiuana (new mix),60106812,T07,0,Audio active,We are experienced
Zzzz_01318,000_DRM230,60131800,20200309,0,DRM230,ZZZ 1318 Superchilled 01
Friendly fires,Offline,60131801,T04,1,Friendly fires,Inflorescent
Sleep d,Banksia,60131802,T03,1,Sleep d,From 50 (& albrecht labrooy) (single)
Soul avenue,Stuck in a dream,60131803,T01,0,"Super session chilloutmaster1 2.27, demo",V
"Middleton, tom",Astral projection,60131804,T11,0,"Middleton, tom",Lifetracks
Saint morgan,You,60131805,T01,1,Saint morgan,You (single)
Mascara,Baja (dj steef mix),60131806,T01,1,Mascara,Baja (dj steef mix) (single)
Kucka,Real,60131807,T01,1,Kucka,Real (single)
Loft soul,Dear friend (dj spinna mix) (& feat lisa millet),60131808,T01,1,Loft soul,Dear friend (dj spinna mix) (& feat lisa millet)
Coldcut,Return to margin (afterlife mix),60131809,T05,0,Afterlife,"Afterlife lounge, the"
Software,Present voice,60131810,T02: 13,0,Balance 023,V
Flunk,Sugar planet,60131811,T08,0,"Sylt, finest lounge music no 1",V
Vibrasphere,Tierra azul (omnimotion mix featuring krister linder),60131812,T01: 06,0,Eco zen 2,V
Skee mask,Flyby vfr,60131813,T09,1,Skee mask,Compro
Skee mask,Vli,60131814,T08,1,Skee mask,Compro
Zzzz_01319,000_DNC569,60131900,20200309,0,DNC569,ZZ 1319 Supermodifed dance 06
"Anderson, jamie",Without sound (& iwain k),60131903,T01: 07 (trk 60111409 13:00 - end),0,Balance 018,V
"Okev, roy & hakimonu",Changes,60131904,T02: 02 (trk 60113604 4:20 - 10:00),0,Balance 026,V
Ripperton,Searchin 4 you,60131905,T08 (trk 60110905 1:10 - 4:10),0,"Fabric 76, deetron",V
"Yellowhead, the",Red light district,60131906,T01: 04 (trk 60111002 10:58 - end),0,Balance 022,V
Cid inc,Fragile circle,60131907,T02: 07,0,Balance 026,V
Tiesto,Bright morningstar (andy dugoid mix),60131908,T02: 07,0,Tiesto,"Elements of life, special edition"
Spirit catcher,Sedona,60131909,T01: 18 (trk 60111205 0 - 4:53),0,Balance 022,V
"Kieran, phil",Prism,60131910,T02: 20,0,Balance 022,V
"Barfod, tomas",Till we die (& ft nina kinert),60131911,T02: 15,0,Darkbeat 10th anniversary,V
"Cattaneo, hernan",Imaginarium (& guy mantzur),60131912,T02: 14 (trk 60112105 12:40 - 18:50),0,Balance 026,V
Jdnmgj,Trezzz,60131913,T02: 15,0,"Digweed, john, live in cordoba",V
"Cattaneo, hernan / Damabiah",Lunar (& soundexile) / Irminsul le pilier du monde,60131914,"T01: 16,17",,Balance 026,V
Zzzz_01320,000_DRM231,60132000,20200309,0,DRM231,"ZZZ 1320 Superchilled 02. 2 of 2 (1318 is 1 of 2), best of chilled from set 10 review & a few more from future sets"
Comatrixx,Sunrise cafe (original),60132001,T09,0,"Style, winter lounge",V
Afterlife,"Feeling, a",60132003,T02,0,Afterlife,Electrosensitive
Stargazer,Eastend,60132004,T13,0,"Jetset, exclusive winter chill",V
"Blanc, le, chris & liz june",Enjoy your life,60132005,T01: 11,0,Cafe del mar 12 (doce),V
"Cummings, stephen",Come on come on,60132006,T10,0,"Cummings, stephen","New kind of blue, a"
"Pompougnac, stephane",1 by 1,60132007,T12 (trk 60110001 11 cut),0,Hotel costes 15 (last in series),V
Ott,"Queen of all everything, the",60132008,T02: 10,0,Eco zen 2,V
Triangle sun,Beautiful,60132009,T01: 12,0,Cafe del mar 13 (trece),V
Little axe,Going down slow,60132010,T01: 06,0,Little axe,Slow fuse
Stargazer,Westend,60132011,T15,0,"Style, winter lounge",V
"Goze, christophe","Traveller, the",60132012,T06,0,"Goze, christophe",Sirocco
Tosca,Suzuki,60132013,T02: 08 (34:35 to 40:25),0,"Coco, chris",Solar spectrums 2
Lorde,Royals,60132014,T03,0,Lorde,Pure heroine
Zzzz_01321,000_DNC570,60132100,20200309,0,DNC570,"Z 1321 Car CD 30. Best of commercial & house from set 10,11,12"
Cheryl lynn,Got to be real,60132101,T04:11,1,Grand 12 inches 10,V
Shalamar,Take that to the bank,60132102,T02: 05 (60144807),0,Dance classics 3&4,V
"Jacksons, the",Can you feel it,60132103,T01: 04 (60121007),0,"Nights in heaven, the party anthems",V
Firefly,Love is gonna be on your side,60132104,T03: 09 (60121306),0,Grand 12 inches 9,V
Pointer sisters,Automatic,60132105,T02: 02 (60121707),0,12 inch 80s grooves,V
"Howard, austin",I'm the one who really loves you (remix),60132106,T07 (60121713),0,"Hit factory featuring stock aitken waterman, the",V
Nu rhythmix,Babylon into a groove (alex romano rework mix),60132107,T02 (vinyl),0,Nu rhythmix,Babylon into a groove
"Lites, shirley","Heat you up, melt you down",60132108,T01: 08 (60111204),0,Grand 12 inches 8,V
"Ford, penny",Dangerous,60132109,T01: 05 (60111406),0,Dance classics 53 & 54,V
"Smith, frankie",Double dutch bus,60132110,T04: 09 (60111501),0,Grand 12 inches 8,V
Loose ends,"Hangin on a string, contemplating",60132111,T02: 04 (60111804),0,Grand 12 inches 8,V
Shakatak,"Maniac & sister cool, mr",60132112,T03: 05 (60112513),0,Grand 12 inches 7,V
Zzzz_01322,000_DNC571,60132200,20200309,0,DNC571,ZZ 1322 Best of dnc 06
Ry x,Body sun (claptone mix),60132201,T01,1,Ry x,Body sun (claptone mix) (single)
Scott grooves,Expansions (& roy ayers) (joe clausell simplamental mix),60132202,T01,1,Scott grooves,Expansions (& roy ayers) (joe clausell simplamental mix)
Vintage culture & woo2tech,Fitc,60132203,T03,1,Vintage culture & woo2tech,Sometimes (single)
Claptone,Wildside (sidney charles mix),60132204,T02,1,Claptone,Fantast remixes pt 5 (ep)
"Letyago, anfisa",So good (original mix),60132205,T01,1,"Letyago, anfisa",So good (single)
Malandra jr,Magnetik,60132206,T01,1,Malandra jr,Magnetik (ep)
Secondcity,All these things that pt 4,60132207,T01,1,Secondcity,All these things that pt 4 (single)
Sleep d,Magic arpet ride,60132208,T01,1,Butter sessions vol 2 (single),V
Dan white,"Hammer, the (think mix)",60132209,T01,1,Dan white,Off bluff (single)
"Simmonds, chris",I changed my mind,60132210,T01,1,"Simmonds, chris",I changed my mind (single)
Zzzz_01323,000_DNC572,60132300,20200309,0,DNC572,ZZ 1323 Best of dnc 07. End of set of best of set 10 & a few more from future singles purchases etc.
Sleep d,Bush snake,60132301,T01,1,Sleep d,"Jackal pt 2, the (single)"
Alex dolby,"Raw road, carlo lio mix (& santos) (single)",60132302,T01,1,Alex dolby,"Raw road, carlo lio mix (& santos) (single)"
Paneoh,Punto des control (take 2),60132303,T03: 04,0,"Digweed, john, live in cordoba",V
"Nelson, bill",Acceleration (dub),60132304,T09,0,"Nelson, bill",Chimera
"Huntemann, oliver",Schatten,60132305,T02: 02,0,"Global underground 40, solomun",V
Paneoh,Punto des control,60132306,T01: 10 (trk 60112401 1:10 - 4:51),0,"Digweed, john, live in cordoba",V
2 fingers,Fools rhythm,60132307,T01: 01,0,Ninja tune xx 1,V
Pherox & ft lee curtiss,Black copy,60132308,T01: 13 (trk 60112607 0 - 4:10),0,Balance 025,V
Tiesto,10 seconds before sunrise,60132309,T01: 02,0,Tiesto,"Elements of life, special edition"
Instramental,No future,60132310,T20 (trk 60113503 5:45 - 10:30),0,Fabriclive 50,V
Simple minds,Up on the catwalk,60132311,T01: 13,0,Simple minds,Celebrate
Zzzz_01324,000_Drm 232,60132400,20200401,0,DRM232,ZZZ 1324 Alternately labelled superchilled 2 Copy of 1182 with 3 tracks chamged The new 'inevitable end' CDR.
Dzihan & kamien,Homebase,60132401,T04,0,Cafe del mar 6 (seis),V
Afterlife,Dub in ya mind,60132402,T02,0,Cafe del mar 6 (seis),V
Baul dimension,Lake palace,60132403,T01: 13,0,"Buddha bar 2, spirit of, siddharta",V
Vangelis,Love theme (ambient mix 2) (& gutbrod),60132404,T01: 11,0,Real ibiza 5,V
Ratnabati,Breeze,60132405,T01: 03,0,"Buddha bar 2, spirit of, siddharta",V
Afterlife,Like prana,60132406,T01: 04,0,Afterlife,Speck of gold
"Ingrosso, vito",Pretend,60132407,T02: 05,0,"Buddha bar 2, spirit of, siddharta",V
Banzai republic,Love throughout the world (& natacha atlas),60132408,T02: 02,0,Zen connection 3,V
Quoyle,Heavy,60132409,T01: 01,0,Evolutionary vibes 2,V
Quicksound,Cold winter,60132410,T01: 12,0,Buddha bar 6,V
Rae & christian,All I ask (& veba),60132411,T06,0,Rae & christian,Northern sulphuric soul
Dao,Moody moon no 5,60132412,T08,0,Dao,Soham
Groove armada,At the river (original mix),60132413,T05,1,Groove armada,"At the river (single, maxi)"
"Cummings, stephen",Melancholy hour,60132414,T06,0,"Cummings, stephen","New kind of blue, a"
"Eno, roger",Through the blue,60132415,T01,0,"Eno, roger",Voices
"Schubert, franz",Piano trio in e flat opus 100 2nd movement (film adaption),60132416,T18,0,"Lyndon, barry ost",V
Zzzz_01325,000_Dnc572,60132500,20200401,0,DNC572,ZZ 1325 Alternately labelled supermodified dance 2
Lovebirds,Modernstalking,60132501,T02: 12,0,Serve chilled 2007,V
Ceelo green,Bright lights bigger city,60132502,T02,0,Ceelo green,"Lady killer, the"
Moshic,Nightstalker (& zidan),60132503,T01: 04,0,"Nocturnal frequencies 03, danny howells",V
Powder productions,Chilli sauce 99,60132504,T10,0,"Summer breeze, glasgow underground presents, kevin mckay",V
Photek,Mine to give (& robert owens) (david morales happy mix),60132505,T02,1,Photek,Mine to give (& robert owens) (cd maxi single)
"Wilkie, ian",Twin town (& vs timo maas),60132506,T02: 02 (edit last 2:46 only),0,"Music for the maases, timo maas presents",V
Balance 014,T01: 09,60132507,T01: 09 (last 2:19 only),0,Balance 014,V
Royksopp,This must be it,60132508,T04,0,Royksopp,Junior
"Kowalski, alexander",She's worth it (& ft joris voorn),60132509,T02: 01 (60084904 0:00 - 4:53),0,Balance 011,V
Delgui,Highlights,60132510,T01: 08 (60085503B 17:30 to end),0,Balance 011,V
"Holmes, david",69 police,60132511,T01: 14 (60084503 5:00 - 10:40),0,Balance 011,V
Tilt,Headstrong,60132512,T02: 02 (60086107 0:00 - 6:20),0,Balance 003,V
"Salt, chris",Atmospheric graffiti,60132513,T02: 11 (60086211 5:10 to end),0,Balance 006,V
Evolution,Walking on fire (& jayn hanna),60132514,T02: 07,1,"Cattaneo, hernan","Cattaneo, hernan, perfecto presents, south america"
Zzzz_01465,000_DRM245,60146500,20220225,0,DRM245,"ZZZ 1456 Best of Set 11,12 chillout"
Another fine day,Lazy daisy,60146501,T02 (60143109 - trimmed front & end),0,Another fine day,Life before land
Polished chrome,Rosebud,60146502,T06 (60119802),0,"Super session 2.27, demo",V
Jagwar ma,Ordinary,60146503,T05 (60136103),0,Jagwar ma,Every now & then
"Lemon jelly / Natural, the / Bent",Come / Playing to win / Private road,60146504,"T01: 16,17,18 (60119709 trk 18 only)",0,"MOS chillout sessions 2, the",V
Endorphin,Touch,60146505,T09 (60119909),0,Endorphin,Soon after silence
"Hunter, rodney",Definition part 2 (& l'enfant terrible),60146506,T01: 09 (60120208 trimmed front & end),0,Serve chilled 2008,V
Wagon christ,Introfunktion,60146507,T01 (60142415),0,Wagon christ,Toomorrow
39 vybes,Sometimes lonely (& groove armada & rachel brown),60146508,T01: 14 (60142613),0,Winter chill 06.02,V
Kings of tomorrow,No te vaya,60146509,T14 (subtrk 2 of 3) (60142707),0,Kings of tomorrow,Trouble
Bart & baker,What can I do for you (nicola conte radio remix),60146510,T02: 13 (60143113),0,Buddha bar 17,V
Unknown,"Butter mix 005, 3 of 4",60146511,T03 (35:50 - 43:12) (60145711 cut after 3:20),0,"Butter mix 005, deadly sins",V
Ganga,Carry you home (& nikolaj grandjean) (thor & ravin rebirth remix),60146512,T01: 05 (60143114),0,Buddha bar 16,V
Moby,Sunday (the day before my birthday),60146513,T01: 15 (60143206),0,Winter chill 06.02,V
Jagwar ma,Colours of paradise,60146514,T11 (60142804),0,Jagwar ma,Every now & then
Rebeat,If you go away (& shirley bassey),60146515,T02: 09 (60143011),0,Buddha bar 16,V
"Alizadeh, akshin",Deep inside,60146516,T01: 11 (60143301),0,Buddha bar 16,V
"Sawhney, nitin",Eastern eyes,60146517,T02 (60119508 start trimmed),0,"Sawhney, nitin",Human
Zzzz_01466,000_DNC604,60146600,20220225,0,DNC604,Z 1466 DNC Car CD 31
Chaz jankel,Glad to know you (todd terje mix),60146601,T02: 13 (60121406),0,Serve chilled 2008,V
Unknown,Butter sessions 046 cd 1 trk 5,60146602,T01: 05 (47:45 - 62:31) (60146103 - 3:30 - 8:13 only),0,"Butter sessions, butter mix 046, turner street sound",V
Unknown,"Unknown, cd 1 trk 9c",60146603,T01: 11 (actually 1:09C: 20:36 - end) (60120706 - 5:15 - end),0,Djmag free downloads 20150920,V
Inner city,Secrets of the mind,60146604,T10 (60120813),0,Inner city,Paradise
Full intention,Everybody loves the sunshine (samir masio mix),60146605,T02: 14 (60120904),0,Beach house (2014),V
"Jacksons, the",Show you the way to go,60146606,T01: 07 (60143801),0,Dance classics 11&12,V
Bangbang,Do tell,60146607,T01 (60142408),0,Bangbang,Do tell (ep)
"Mannino, anthony",It's jazzy (& presents syncopation),60146608,T01: 02 (60144710 - 1:32 - end only),0,20 years of henry street music,V
Dylan rhymes,Salty,60146609,T02: 04 (60145705),0,Onelove 2,V
La mix,Don't stop jammin (brutal mix),60146610,T12: 04 (60120614),0,"History of the house sound of chicago, the",V
"Little big band, the",Pressure (lewis ferrier mix),60146611,T02: 07 (60123704),0,Beach house (2014),V
Jason hates jazz,Pray for love (chus & penn vocal mix),60146612,T01: 02 (1-01: 1:45 - end 1-02: all) (60144804 - 3:16 - end only),0,MOS housexy summer 07,V
Wilkinson / Culture shock / June miller / Stealth & stylus / Kove / Eastcolors / Wilkinson / Major lazer,"Redemption / Piano dark / Misfits (& nympho) / Homage, back to you / Searching / Toys / Afterglow / Get free (& ft amber coffman (andy c mix)",60146613,"T01: 22,23,24,25,26,27,28,29 (60122002 - 10:33 - 14:33 only)",0,"Andy c, nightlife 6",V
"Young, paul",Come back & stay (extended version),60146614,T02: 05,,"Back to the 80s 1, the long versions",V
Chaka khan,Eye to eye (extended version),60146615,T02: 09,,Grand 12 inches 15,V
Zzzz_01467,000_DNC605,60146700,20220225,0,DNC605,Z 1467 DNC Car CD 31
Manuel tur / Overstreet /  Moonbootica,Ain't no / Lose yourself (atfc mix) / Bulldog beats,60146701,"T04,05,06 (60144812 - 4:10 - 10:30 only)",0,"Fair, luke, bedrock os 0.3",V
"Osborne, jeffrey",You can't be serious,60146702,T06 (60134907),0,"Osborne, jeffrey",Don't stop
"Bucketheads, the",I wanna know (& presents kenny dope),60146703,T02: 04 (60145612 - 0 - 4:15 only),0,20 years of henry street music,V
Change,Change of heart,60146704,T02: 01 (60123411),0,12 inch 80s grooves,V
Take that,Could it be magic,60146705,T02: 02 (60122403),0,"Nights in heaven, the party anthems",V
Inner city,Do you love what you feel,60146706,T06 (60123806),0,Inner city,Paradise
Cerrone,Supernature 88,60146707,T11: 04 (60122405),0,"History of the house sound of chicago, the",V
Modjo,What i mean (mood ii swing vocal dub remix),60146708,T01: 04 (60145806),0,Dusk at bondi beach,V
Voila / Billie,Little girl (masters at work ritual mix) / It comes back around,60146709,"T10,11 (60121810 - 0 - 3:50 only)",0,"Nervous, soulful house experience, the",V
Rivers,Soft (dani zavera mix),60146710,T02: 15 ( 60145811 - 0 - 4:49 only)),0,Buddha bar 18,V
"Bucketheads, the","Bomb, these sounds fall into my mind, the (& presents kenny dope)",60146711,T01: 04 (4:41 - 11:10) (60145407),0,20 years of henry street music,V
Namy,Not this time (& kathy brown) (director's cut classic mix),60146712,T01: 03 (60122506),0,Beach house (2014),V
"Horne, jimmy bo",Dance across the floor,60146713,T02: 08 (60146106),0,Dance classics 5&6,V
"Wilkinson / Sub focus, logistics / Commix","Casino / Out of the blue (& alice gold), together vip / Be true",60146714,"T03: 35,36,37 (35 (1:30 to end)) (60121409 - 6:02 - end only)",0,"Andy c, nightlife 6",V
"Albertracks / Pride, the (et al) / Dj andre",We can fly / Paradise / Singing after dark,60146715,"T06,07,08 (60122801 - 0 -2:57 only)",0,"Nervous, soulful house experience, the",V
Themroc / Dj pierre / Dirty beatniks,"Into the light (west london deep remix) / Wet dreams (xpress 2 self abuse mix) / Whores, freaks, saints and angels (yellow sox dub mix)",60146716,"T02: 08,09,10 (60146310 - 1:40 - 5:30 only)",0,"Off the wall, 10 years of wall of sound",V
Zzzz_01469,000_DNC606,60146900,20220527,0,DNC606,"Z 1469 Back to mine, nightmares on wax (mixed)"
"Nightmares on wax, back to mine",V,60146901,T01 (whole mixed cd),0,"Nightmares on wax, back to mine",V
Zzzz_01490,Cocteau twins - GC's favourites,60149000,20190427,0,DEF430,ZZZZ 99901 Cocteau twins - GC's favourites
Cocteau twins,Pink orange red,60149001,T01,0,Cocteau twins,Echoes in a shallow bay/ tiny dynamite
Cocteau twins,Pale clouded white,60149002,T02: 07,0,Cocteau twins,Lullabies to violaine 1
Cocteau twins,My truth,60149003,T07,0,Cocteau twins,4 calender cafe
Cocteau twins,Squeeze wax,60149004,T06,0,Cocteau twins,4 calender cafe
Cocteau twins,Pandora,60149005,T05,0,Cocteau twins,Treasure
Cocteau twins,Donimo,60149006,T10,0,Cocteau twins,Treasure
Cocteau twins,Kookaburra,60149007,T02,0,Cocteau twins,Aikea guinea (ep)
Cocteau twins,Five ten fiftyfold,60149008,T02,0,Cocteau twins,Head over heels
Cocteau twins,Athol brose,60149009,T02,0,Cocteau twins,Blue bell knoll
Cocteau twins,"Itchy glowbo blow, the",60149010,T05,0,Cocteau twins,Blue bell knoll
Cocteau twins,Love's easy tears,60149011,T01,0,Cocteau twins,Love's easy tears (ep)
Cocteau twins,Sigh's smell of farewell,60149012,T03,0,Cocteau twins,Love's easy tears (ep)
Cocteau twins,Whales tails,60149013,T04,0,Cocteau twins,Victorialand
Cocteau twins,How to bring a blush to the snow,60149014,T08,0,Cocteau twins,Victorialand
Cocteau twins,Serpinskir,60149015,T02,0,Cocteau twins,Milk & kisses
Cocteau twins,Pearly dewdrops drops,60149016,T05,0,Cocteau twins,Pink opaque
Cocteau twins,Aikea guinea,60149017,T07,0,Cocteau twins,Pink opaque
Cocteau twins,Love's easy tears,60149018,T02: 09,0,Cocteau twins,Lullabies to violaine 1
Zzzz_01492,Dead can dance - GC's favourites,60149200,20190427,0,DEF432,ZZZZ 99903 Dead can dance - GC's favourites
Dead can dance,Anywhere out of the world,60149201,T01,0,Dead can dance,Within the realm of a dying sun
Dead can dance,In the kingdom of the blind the one eyed are kings,60149202,T14,0,Dead can dance,"Passage in time, a"
Dead can dance,Windfall,60149203,T02,0,Dead can dance,Within the realm of a dying sun
Dead can dance,Dawn of the iconoclast,60149204,T05,0,Dead can dance,Within the realm of a dying sun
Dead can dance,Cantara,60149205,T06,0,Dead can dance,Within the realm of a dying sun
Dead can dance,Summoning the muse,60149206,T07,0,Dead can dance,Within the realm of a dying sun
Dead can dance,Persephone,60149207,T08,0,Dead can dance,Within the realm of a dying sun
Dead can dance,Ullyses,60149208,T03,0,Dead can dance,"Passage in time, a"
Dead can dance,"Host of seraphim, the",60149209,T08,0,Dead can dance,"Passage in time, a"
Dead can dance,Song of the dispossessed,60149210,T04,0,Dead can dance,Spiritchaser
Dead can dance,Fortune presents gifts not according to the book,60149211,T05,0,Dead can dance,Aion
Dead can dance,Anastasis,60149212,T02,0,Dead can dance,Anastasis
Dead can dance,All in good time,60149213,T08,0,Dead can dance,Anastasis
Zzzz_01493,Nightmares on wax - GC's favourites to 2016-03-06,60149300,20190427,0,DRM245,ZZZZ 99904 Nightmares on wax - GC's favourites to 2016-03-06
Nightmares on wax,Dread overboard,60149301,T02,0,Nightmares on wax,Smoker's delight
Nightmares on wax,70s80s,60149302,T01: 08,0,"Chillout classics, the ultimate album",V
Nightmares on wax,Moretime,60149303,T06,0,Nightmares on wax,Thought so
Nightmares on wax,195 lbs,60149304,T02,0,Nightmares on wax,Thought so
Nightmares on wax,Be there,60149305,T03,0,Nightmares on wax,Thought so
Nightmares on wax,Stars,60149306,T01: 04,0,Headz,V
Nightmares on wax,Happiness,60149307,T06,0,Tequila slammers & the jump jump groove generation,V
Nightmares on wax,Nights interlude,60149308,T02: 12 (W0803 II-12),0,Futurefunk,V
Nightmares on wax,Tha journey,60149309,T09,0,Nightmares on wax,Smoker's delight
Nightmares on wax,Morse,60149310,T02,0,Nightmares on wax,Carboot soul
Nightmares on wax,Argha,60149311,T07,0,Nightmares on wax,Carboot soul
Nightmares on wax,Survival,60149312,T09,0,Nightmares on wax,Carboot soul
Nightmares on wax,Finer,60149313,T05,0,Nightmares on wax,Carboot soul
Nightmares on wax,Fire in the middle,60149314,T08,0,Nightmares on wax,Carboot soul
Zzzz_01494,Dub,60149400,20190427,0,DUB086,ZZZZ 99905 Reggae-dub GC favourites 2019-02-21
Blackbeard,Nough,60149401,T07,0,Blackbeard,I wah dub
Dub syndicate,Sound clash (dub),60149402,T06,0,Dub syndicate,Overdubbed
"Tamins, the",Baltimore,60149403,T17,0,Nice & ruff,V
"Congos, the",Fisherman,60149404,T01,0,"Congos, the",Heart of the congos
"Perry, lee scratch",Jungle,60149405,T09,0,"Perry, lee scratch",Time boom & de devil dead
Massive attack,Bumper ball dub,60149406,T02,0,Massive attack,No protection
Israel vibration,"Same song, the (extended)",60149407,T12,0,Israel vibration,Same song
"Pidow, ras",Dub overdue,60149408,T02: 05,0,Dub for daze 1,V
"Perry, lee scratch",His master's voice (& adrian sherwood),60149409,T01 (skip intro),0,"Perry, lee scratch",Dub setter (& adrian sherwood)
"Perry, lee scratch",Vibrate on,60149410,T04,0,"Perry, lee scratch",From the secret laboratory
"Issacs, gregory",Nigger,60149411,T07,0,"Issacs, gregory",Slum in dub
New age steppers,Private armies,60149412,T08,0,New age steppers,New age steppers
Zzzz_01495,Penultimate soundscapes,60149500,20210120,0,DEF433,ZZZZ 99906 Penultimate soundscapes
Wagner,Prelude to tristan & isolde (16:47),60149501,T05,1,Wagner,"Preludes, liebestod, idyll"
"Roach, steve",At the edge of the inbetween (anima revisited),60149502,T03,1,Endless 2,V
"Rich, robert",Sunspot cycle,60149503,T09,1,Endless 2,V
Future sound of London,Cascade pts 2 & 3,60149504,T02: 09,1,Ambient (virgin) 3,V
"Roach, steve",Cavity of liquids,60149505,T01,1,"Roach, steve","Terraform (& loren nerell), projekt presents"
Zzzz_01497,"Burning spear, Social living,  living dub",60149700,20230915,0,DUB087,"ZZZZ 99908 Burning spear, Social living, living dub"
Burning spear,"Social living, living dub",60149701,T01,1,Burning spear,"Social living, living dub"
Zzzz_01498,"Uusitalo, Vapaa muurari live",60149800,20230915,0,DRK087,"ZZZZ 99909 Uusitalo, Vapaa muurari live (trks 3-14)"
Uusitalo,Bedroom selection / Creating undo for kids,60149801,"T03,04",0,Uusitalo,Vapaa muurari live
Uusitalo,Prostitute / Ones groove,60149802,"T05,06",0,Uusitalo,Vapaa muurari live
Uusitalo,Social selection,60149803,T07,0,Uusitalo,Vapaa muurari live
Uusitalo,Dutchwallpaper / News selection / Between kate & naomi / Everything's an object,60149804,"T08,09,10,11",0,Uusitalo,Vapaa muurari live
Uusitalo,Bring the voodoo down / Social children / Big hearts come later,60149805,"T12,13,14",0,Uusitalo,Vapaa muurari live
